"../../../Engine/Content/EditorResources/S_Actor.ubulk" 0
"../../../Engine/Content/EditorResources/S_Actor.uasset" 1
"../../../Engine/Content/EditorResources/S_Actor.uexp" 2
"../../../Engine/Plugins/FX/NiagaraFluids/Content/NDC_Grid3D_Gas.uasset" 3
"../../../Engine/Plugins/FX/NiagaraFluids/Content/NDC_Grid3D_Gas.uexp" 4
"../../../Engine/Plugins/2D/Paper2D/Content/PlaceholderTextures/DummySpriteTexture.ubulk" 5
"../../../Engine/Plugins/2D/Paper2D/Content/PlaceholderTextures/DummySpriteTexture.uasset" 6
"../../../Engine/Plugins/2D/Paper2D/Content/PlaceholderTextures/DummySpriteTexture.uexp" 7
"../../../Engine/Plugins/2D/Paper2D/Content/DummySprite.uasset" 8
"../../../Engine/Plugins/2D/Paper2D/Content/DummySprite.uexp" 9
"../../../Engine/Plugins/2D/Paper2D/Content/DefaultPaperTerrainMaterial.uasset" 10
"../../../Engine/Plugins/2D/Paper2D/Content/DefaultPaperTerrainMaterial.uexp" 11
"../../../Engine/Plugins/Animation/ControlRig/Content/Controls/DefaultGizmoLibraryNormalized.uasset" 12
"../../../Engine/Plugins/Animation/ControlRig/Content/Controls/DefaultGizmoLibraryNormalized.uexp" 13
"../../../Engine/Content/EngineSounds/Master.uasset" 14
"../../../Engine/Content/EngineSounds/Master.uexp" 15
"../../../Engine/Content/EngineResources/GradientTexture0.uasset" 16
"../../../Engine/Content/EngineResources/GradientTexture0.uexp" 17
"../../../Engine/Content/EngineMaterials/PreintegratedSkinBRDF.uasset" 18
"../../../Engine/Content/EngineMaterials/PreintegratedSkinBRDF.uexp" 19
"../../../Engine/Content/EngineMaterials/MiniFont.uasset" 20
"../../../Engine/Content/EngineMaterials/MiniFont.uexp" 21
"../../../Engine/Content/EngineMaterials/FastBlueNoise_vec2_128x128x64.uasset" 22
"../../../Engine/Content/EngineMaterials/FastBlueNoise_vec2_128x128x64.uexp" 23
"../../../Engine/Content/EngineMaterials/FastBlueNoise_scalar_128x128x64.uasset" 24
"../../../Engine/Content/EngineMaterials/FastBlueNoise_scalar_128x128x64.uexp" 25
"../../../Engine/Content/EngineMaterials/DefaultWhiteGrid.ubulk" 26
"../../../Engine/Content/EngineMaterials/DefaultWhiteGrid.uasset" 27
"../../../Engine/Content/EngineMaterials/DefaultWhiteGrid.uexp" 28
"../../../Engine/Content/EngineMaterials/DefaultDestructiblePhysicalMaterial.uasset" 29
"../../../Engine/Content/EngineMaterials/DefaultDestructiblePhysicalMaterial.uexp" 30
"../../../Engine/Content/EngineMaterials/DefaultBokeh.uasset" 31
"../../../Engine/Content/EngineMaterials/DefaultBokeh.uexp" 32
"../../../Engine/Content/EngineMaterials/DefaultBloomKernel.uasset" 33
"../../../Engine/Content/EngineMaterials/DefaultBloomKernel.uexp" 34
"../../../Engine/Content/EngineFonts/Faces/RobotoLight.uexp" 35
"../../../Engine/Content/EngineFonts/Faces/RobotoLight.uasset" 36
"../../../Engine/Content/EngineFonts/Faces/RobotoLight.ufont" 37
"../../../Engine/Content/EngineFonts/Faces/RobotoBold.uexp" 38
"../../../Engine/Content/EngineFonts/Faces/RobotoBold.uasset" 39
"../../../Engine/Content/EngineFonts/Faces/RobotoBold.ufont" 40
"../../../Engine/Content/EngineFonts/Faces/RobotoRegular.uexp" 41
"../../../Engine/Content/EngineFonts/Faces/RobotoRegular.uasset" 42
"../../../Engine/Content/EngineFonts/Faces/RobotoRegular.ufont" 43
"../../../Engine/Content/EngineFonts/Faces/DroidSansFallback.uexp" 44
"../../../Engine/Content/EngineFonts/Faces/DroidSansFallback.uasset" 45
"../../../Engine/Content/EngineFonts/Faces/DroidSansFallback.ufont" 46
"../../../Engine/Content/EngineFonts/Faces/RobotoItalic.uexp" 47
"../../../Engine/Content/EngineFonts/Faces/RobotoItalic.uasset" 48
"../../../Engine/Content/EngineFonts/Faces/RobotoItalic.ufont" 49
"../../../Engine/Content/EngineFonts/Faces/RobotoBoldItalic.uexp" 50
"../../../Engine/Content/EngineFonts/Faces/RobotoBoldItalic.uasset" 51
"../../../Engine/Content/EngineFonts/Faces/RobotoBoldItalic.ufont" 52
"../../../Engine/Content/EngineFonts/Roboto.uasset" 53
"../../../Engine/Content/EngineFonts/Roboto.uexp" 54
"../../../Engine/Content/EngineDamageTypes/DmgTypeBP_Environmental.uasset" 55
"../../../Engine/Content/EngineDamageTypes/DmgTypeBP_Environmental.uexp" 56
"../../../Engine/Content/EditorResources/S_TriggerSphere.uasset" 57
"../../../Engine/Content/EditorResources/S_TriggerSphere.uexp" 58
"../../../Engine/Content/EditorResources/S_TriggerCapsule.uasset" 59
"../../../Engine/Content/EditorResources/S_TriggerCapsule.uexp" 60
"../../../Engine/Content/EditorResources/S_TriggerBox.uasset" 61
"../../../Engine/Content/EditorResources/S_TriggerBox.uexp" 62
"../../../Engine/Content/EditorResources/S_Trigger.ubulk" 63
"../../../Engine/Content/EditorResources/S_Trigger.uasset" 64
"../../../Engine/Content/EditorResources/S_Trigger.uexp" 65
"../../../Engine/Content/EditorResources/S_Solver.ubulk" 66
"../../../Engine/Content/EditorResources/S_Solver.uasset" 67
"../../../Engine/Content/EditorResources/S_Solver.uexp" 68
"../../../Engine/Content/EditorResources/S_BoxReflectionCapture.uasset" 69
"../../../Engine/Content/EditorResources/S_BoxReflectionCapture.uexp" 70
"../../../Engine/Content/EditorResources/EmptyActor.uasset" 71
"../../../Engine/Content/EditorResources/EmptyActor.uexp" 72
"../../../Engine/Content/EditorResources/BSPVertex.uasset" 73
"../../../Engine/Content/EditorResources/BSPVertex.uexp" 74
"../../../Engine/Content/EditorLandscapeResources/DefaultAlphaTexture.uasset" 75
"../../../Engine/Content/EditorLandscapeResources/DefaultAlphaTexture.uexp" 76
"../../../Engine/Plugins/Runtime/AudioWidgets/Content/Resources/ScrubHandleDown_Clamped.uasset" 77
"../../../Engine/Plugins/Runtime/AudioWidgets/Content/Resources/ScrubHandleDown_Clamped.uexp" 78
"../../../Engine/Plugins/Interchange/Runtime/Content/Pipelines/DefaultTexturePipeline.uasset" 79
"../../../Engine/Plugins/Interchange/Runtime/Content/Pipelines/DefaultTexturePipeline.uexp" 80
"../../../Engine/Plugins/Interchange/Runtime/Content/Pipelines/DefaultSceneLevelPipeline.uasset" 81
"../../../Engine/Plugins/Interchange/Runtime/Content/Pipelines/DefaultSceneLevelPipeline.uexp" 82
"../../../Engine/Plugins/Interchange/Runtime/Content/Pipelines/DefaultSceneAssetsPipeline.uasset" 83
"../../../Engine/Plugins/Interchange/Runtime/Content/Pipelines/DefaultSceneAssetsPipeline.uexp" 84
"../../../Engine/Plugins/Interchange/Runtime/Content/Pipelines/DefaultMaterialXPipeline.uasset" 85
"../../../Engine/Plugins/Interchange/Runtime/Content/Pipelines/DefaultMaterialXPipeline.uexp" 86
"../../../Engine/Plugins/Interchange/Runtime/Content/Pipelines/DefaultMaterialPipeline.uasset" 87
"../../../Engine/Plugins/Interchange/Runtime/Content/Pipelines/DefaultMaterialPipeline.uexp" 88
"../../../Engine/Plugins/Interchange/Runtime/Content/Pipelines/DefaultGLTFSceneAssetsPipeline.uasset" 89
"../../../Engine/Plugins/Interchange/Runtime/Content/Pipelines/DefaultGLTFSceneAssetsPipeline.uexp" 90
"../../../Engine/Plugins/Interchange/Runtime/Content/Pipelines/DefaultGLTFPipeline.uasset" 91
"../../../Engine/Plugins/Interchange/Runtime/Content/Pipelines/DefaultGLTFPipeline.uexp" 92
"../../../Engine/Plugins/Interchange/Runtime/Content/Pipelines/DefaultGLTFAssetsPipeline.uasset" 93
"../../../Engine/Plugins/Interchange/Runtime/Content/Pipelines/DefaultGLTFAssetsPipeline.uexp" 94
"../../../Engine/Plugins/Interchange/Runtime/Content/Pipelines/DefaultAssetsPipeline.uasset" 95
"../../../Engine/Plugins/Interchange/Runtime/Content/Pipelines/DefaultAssetsPipeline.uexp" 96
"../../../Engine/Plugins/Experimental/Water/Content/Waves/GerstnerWaves_Ocean.uasset" 97
"../../../Engine/Plugins/Experimental/Water/Content/Waves/GerstnerWaves_Ocean.uexp" 98
"../../../Engine/Plugins/Experimental/Water/Content/Waves/GerstnerWaves_Lake.uasset" 99
"../../../Engine/Plugins/Experimental/Water/Content/Waves/GerstnerWaves_Lake.uexp" 100
"../../../Engine/Plugins/Experimental/Water/Content/Icons/WaterZoneActorSprite.ubulk" 101
"../../../Engine/Plugins/Experimental/Water/Content/Icons/WaterZoneActorSprite.uasset" 102
"../../../Engine/Plugins/Experimental/Water/Content/Icons/WaterZoneActorSprite.uexp" 103
"../../../Engine/Plugins/Experimental/Water/Content/Icons/WaterSprite.uasset" 104
"../../../Engine/Plugins/Experimental/Water/Content/Icons/WaterSprite.uexp" 105
"../../../Engine/Plugins/Experimental/Water/Content/Icons/WaterLandscapeBrushSprite.ubulk" 106
"../../../Engine/Plugins/Experimental/Water/Content/Icons/WaterLandscapeBrushSprite.uasset" 107
"../../../Engine/Plugins/Experimental/Water/Content/Icons/WaterLandscapeBrushSprite.uexp" 108
"../../../Engine/Plugins/Experimental/Water/Content/Icons/WaterErrorSprite.ubulk" 109
"../../../Engine/Plugins/Experimental/Water/Content/Icons/WaterErrorSprite.uasset" 110
"../../../Engine/Plugins/Experimental/Water/Content/Icons/WaterErrorSprite.uexp" 111
"../../../Engine/Plugins/Experimental/Water/Content/Icons/WaterBodyIslandSprite.uasset" 112
"../../../Engine/Plugins/Experimental/Water/Content/Icons/WaterBodyIslandSprite.uexp" 113
"../../../Engine/Plugins/Experimental/Water/Content/Icons/WaterBodyExclusionVolumeSprite.uasset" 114
"../../../Engine/Plugins/Experimental/Water/Content/Icons/WaterBodyExclusionVolumeSprite.uexp" 115
"../../../Engine/Content/MobileResources/HUD/VirtualJoystick_Background.uasset" 116
"../../../Engine/Content/MobileResources/HUD/VirtualJoystick_Background.uexp" 117
"../../../Engine/Content/MobileResources/HUD/VirtualJoystick_Thumb.uasset" 118
"../../../Engine/Content/MobileResources/HUD/VirtualJoystick_Thumb.uexp" 119
"C:/Users/Lu1sR/Documents/UnrealProjects/Death-Of-Will/TheDeathOfWill/Content/FirstPerson/Input/MobileControls.uasset" 120
"C:/Users/Lu1sR/Documents/UnrealProjects/Death-Of-Will/TheDeathOfWill/Content/FirstPerson/Input/MobileControls.uexp" 121
"../../../Engine/Plugins/Experimental/WaterAdvanced/Content/Niagara/DataChannels/NDC_ShallowWater.uasset" 122
"../../../Engine/Plugins/Experimental/WaterAdvanced/Content/Niagara/DataChannels/NDC_ShallowWater.uexp" 123
"../../../Engine/Content/EngineResources/FilmGrains/Marcie_Grain_v3_128_M2_000.uasset" 124
"../../../Engine/Content/EngineResources/FilmGrains/Marcie_Grain_v3_128_M2_000.uexp" 125
"../../../Engine/Content/EngineMaterials/LTC/Sheen_LTC.uasset" 126
"../../../Engine/Content/EngineMaterials/LTC/Sheen_LTC.uexp" 127
"../../../Engine/Content/EngineMaterials/LTC/GGX_LTCMat.uasset" 128
"../../../Engine/Content/EngineMaterials/LTC/GGX_LTCMat.uexp" 129
"../../../Engine/Content/EngineMaterials/LTC/GGX_LTCAmp.uasset" 130
"../../../Engine/Content/EngineMaterials/LTC/GGX_LTCAmp.uexp" 131
"../../../Engine/Content/EngineMaterials/EnergyConservation/Sheen_Energy.uasset" 132
"../../../Engine/Content/EngineMaterials/EnergyConservation/Sheen_Energy.uexp" 133
"../../../Engine/Content/EngineMaterials/EnergyConservation/SheenLegacy_Energy.uasset" 134
"../../../Engine/Content/EngineMaterials/EnergyConservation/SheenLegacy_Energy.uexp" 135
"../../../Engine/Content/EngineMaterials/EnergyConservation/GGX_TransmissionEnergyArray.uasset" 136
"../../../Engine/Content/EngineMaterials/EnergyConservation/GGX_TransmissionEnergyArray.uexp" 137
"../../../Engine/Content/EngineMaterials/EnergyConservation/GGX_ReflectionEnergy.uasset" 138
"../../../Engine/Content/EngineMaterials/EnergyConservation/GGX_ReflectionEnergy.uexp" 139
"../../../Engine/Content/EngineMaterials/EnergyConservation/Diffuse_Energy.uasset" 140
"../../../Engine/Content/EngineMaterials/EnergyConservation/Diffuse_Energy.uexp" 141
"../../../Engine/Content/EditorResources/SequenceRecorder/RecordingIndicator.uasset" 142
"../../../Engine/Content/EditorResources/SequenceRecorder/RecordingIndicator.uexp" 143
"../../../Engine/Content/EditorResources/SequenceRecorder/Countdown.uasset" 144
"../../../Engine/Content/EditorResources/SequenceRecorder/Countdown.uexp" 145
"../../../Engine/Content/EditorMaterials/ParticleSystems/PSysThumbnail_OOD.ubulk" 146
"../../../Engine/Content/EditorMaterials/ParticleSystems/PSysThumbnail_OOD.uasset" 147
"../../../Engine/Content/EditorMaterials/ParticleSystems/PSysThumbnail_OOD.uexp" 148
"../../../Engine/Content/EditorMaterials/ParticleSystems/PSysThumbnail_NoImage.ubulk" 149
"../../../Engine/Content/EditorMaterials/ParticleSystems/PSysThumbnail_NoImage.uasset" 150
"../../../Engine/Content/EditorMaterials/ParticleSystems/PSysThumbnail_NoImage.uexp" 151
"../../../Engine/Content/EngineResources/DefaultTextureCube.uasset" 152
"../../../Engine/Content/EngineResources/DefaultTextureCube.uexp" 153
"../../../Engine/Content/EngineResources/DefaultVolumeTexture2D.uasset" 154
"../../../Engine/Content/EngineResources/DefaultVolumeTexture2D.uexp" 155
"../../../Engine/Content/EngineResources/DefaultVolumeTexture.uasset" 156
"../../../Engine/Content/EngineResources/DefaultVolumeTexture.uexp" 157
"../../../Engine/Content/EngineMeshes/Sphere.ubulk" 158
"../../../Engine/Content/EngineMeshes/Sphere.uasset" 159
"../../../Engine/Content/EngineMeshes/Sphere.uexp" 160
"../../../Engine/Plugins/NNE/NNEDenoiser/Content/NNEDTOM_Output_Default.uasset" 161
"../../../Engine/Plugins/NNE/NNEDenoiser/Content/NNEDTOM_Output_Default.uexp" 162
"../../../Engine/Plugins/NNE/NNEDenoiser/Content/NNEDTOM_Output_Alpha.uasset" 163
"../../../Engine/Plugins/NNE/NNEDenoiser/Content/NNEDTOM_Output_Alpha.uexp" 164
"../../../Engine/Plugins/NNE/NNEDenoiser/Content/NNEDTIM_ColorAlbedoNormal_Default.uasset" 165
"../../../Engine/Plugins/NNE/NNEDenoiser/Content/NNEDTIM_ColorAlbedoNormal_Default.uexp" 166
"../../../Engine/Plugins/NNE/NNEDenoiser/Content/NNEDTIM_ColorAlbedoNormal_Alpha.uasset" 167
"../../../Engine/Plugins/NNE/NNEDenoiser/Content/NNEDTIM_ColorAlbedoNormal_Alpha.uexp" 168
"../../../Engine/Plugins/NNE/NNEDenoiser/Content/NNEDOM_Output_Default.uasset" 169
"../../../Engine/Plugins/NNE/NNEDenoiser/Content/NNEDOM_Output_Default.uexp" 170
"../../../Engine/Plugins/NNE/NNEDenoiser/Content/NNEDOM_Output_Alpha.uasset" 171
"../../../Engine/Plugins/NNE/NNEDenoiser/Content/NNEDOM_Output_Alpha.uexp" 172
"../../../Engine/Plugins/NNE/NNEDenoiser/Content/NNEDIM_HighQuality_Default.uasset" 173
"../../../Engine/Plugins/NNE/NNEDenoiser/Content/NNEDIM_HighQuality_Default.uexp" 174
"../../../Engine/Plugins/NNE/NNEDenoiser/Content/NNEDIM_HighQuality_Alpha.uasset" 175
"../../../Engine/Plugins/NNE/NNEDenoiser/Content/NNEDIM_HighQuality_Alpha.uexp" 176
"../../../Engine/Plugins/NNE/NNEDenoiser/Content/NNEDIM_ColorAlbedoNormal_Default.uasset" 177
"../../../Engine/Plugins/NNE/NNEDenoiser/Content/NNEDIM_ColorAlbedoNormal_Default.uexp" 178
"../../../Engine/Plugins/NNE/NNEDenoiser/Content/NNEDIM_ColorAlbedoNormal_Alpha.uasset" 179
"../../../Engine/Plugins/NNE/NNEDenoiser/Content/NNEDIM_ColorAlbedoNormal_Alpha.uexp" 180
"../../../Engine/Content/EngineMaterials/T_Default_Material_Grid_M.ubulk" 181
"../../../Engine/Content/EngineMaterials/T_Default_Material_Grid_M.uasset" 182
"../../../Engine/Content/EngineMaterials/T_Default_Material_Grid_M.uexp" 183
"../../../Engine/Content/EngineMaterials/T_Default_Material_Grid_N.ubulk" 184
"../../../Engine/Content/EngineMaterials/T_Default_Material_Grid_N.uasset" 185
"../../../Engine/Content/EngineMaterials/T_Default_Material_Grid_N.uexp" 186
"../../../Engine/Content/Functions/Engine_MaterialFunctions01/Opacity/CameraDepthFade.uasset" 187
"../../../Engine/Content/Functions/Engine_MaterialFunctions01/Opacity/CameraDepthFade.uexp" 188
"../../../Engine/Content/EngineMaterials/WorldGridMaterial.uasset" 189
"../../../Engine/Content/EngineMaterials/WorldGridMaterial.uexp" 190
"../../../Engine/Plugins/Media/MediaPlate/Content/SM_MediaPlateScreen.ubulk" 191
"../../../Engine/Plugins/Media/MediaPlate/Content/SM_MediaPlateScreen.uasset" 192
"../../../Engine/Plugins/Media/MediaPlate/Content/SM_MediaPlateScreen.uexp" 193
"../../../Engine/Content/Functions/Engine_MaterialFunctions02/WorldPositionOffset/CameraOffset.uasset" 194
"../../../Engine/Content/Functions/Engine_MaterialFunctions02/WorldPositionOffset/CameraOffset.uexp" 195
"../../../Engine/Plugins/Animation/ControlRig/Content/M_Manip.uasset" 196
"../../../Engine/Plugins/Animation/ControlRig/Content/M_Manip.uexp" 197
"../../../Engine/Plugins/2D/Paper2D/Content/DefaultSpriteMaterial.uasset" 198
"../../../Engine/Plugins/2D/Paper2D/Content/DefaultSpriteMaterial.uexp" 199
"../../../Engine/Plugins/2D/Paper2D/Content/OpaqueUnlitSpriteMaterial.uasset" 200
"../../../Engine/Plugins/2D/Paper2D/Content/OpaqueUnlitSpriteMaterial.uexp" 201
"../../../Engine/Plugins/2D/Paper2D/Content/MaskedUnlitSpriteMaterial.uasset" 202
"../../../Engine/Plugins/2D/Paper2D/Content/MaskedUnlitSpriteMaterial.uexp" 203
"../../../Engine/Plugins/Animation/ControlRig/Content/Controls/ControlRig_Wedge_solid.ubulk" 204
"../../../Engine/Plugins/Animation/ControlRig/Content/Controls/ControlRig_Wedge_solid.uasset" 205
"../../../Engine/Plugins/Animation/ControlRig/Content/Controls/ControlRig_Wedge_solid.uexp" 206
"../../../Engine/Plugins/Animation/ControlRig/Content/Controls/ControlRig_Wedge_3mm.ubulk" 207
"../../../Engine/Plugins/Animation/ControlRig/Content/Controls/ControlRig_Wedge_3mm.uasset" 208
"../../../Engine/Plugins/Animation/ControlRig/Content/Controls/ControlRig_Wedge_3mm.uexp" 209
"../../../Engine/Plugins/Animation/ControlRig/Content/Controls/ControlRig_Wedge_1mm.ubulk" 210
"../../../Engine/Plugins/Animation/ControlRig/Content/Controls/ControlRig_Wedge_1mm.uasset" 211
"../../../Engine/Plugins/Animation/ControlRig/Content/Controls/ControlRig_Wedge_1mm.uexp" 212
"../../../Engine/Plugins/Animation/ControlRig/Content/Controls/ControlRig_Triangle_solid.ubulk" 213
"../../../Engine/Plugins/Animation/ControlRig/Content/Controls/ControlRig_Triangle_solid.uasset" 214
"../../../Engine/Plugins/Animation/ControlRig/Content/Controls/ControlRig_Triangle_solid.uexp" 215
"../../../Engine/Plugins/Animation/ControlRig/Content/Controls/ControlRig_Triangle_3mm.ubulk" 216
"../../../Engine/Plugins/Animation/ControlRig/Content/Controls/ControlRig_Triangle_3mm.uasset" 217
"../../../Engine/Plugins/Animation/ControlRig/Content/Controls/ControlRig_Triangle_3mm.uexp" 218
"../../../Engine/Plugins/Animation/ControlRig/Content/Controls/ControlRig_Triangle_1mm.ubulk" 219
"../../../Engine/Plugins/Animation/ControlRig/Content/Controls/ControlRig_Triangle_1mm.uasset" 220
"../../../Engine/Plugins/Animation/ControlRig/Content/Controls/ControlRig_Triangle_1mm.uexp" 221
"../../../Engine/Plugins/Animation/ControlRig/Content/Controls/ControlRig_Star4_solid.ubulk" 222
"../../../Engine/Plugins/Animation/ControlRig/Content/Controls/ControlRig_Star4_solid.uasset" 223
"../../../Engine/Plugins/Animation/ControlRig/Content/Controls/ControlRig_Star4_solid.uexp" 224
"../../../Engine/Plugins/Animation/ControlRig/Content/Controls/ControlRig_Star4_3mm.ubulk" 225
"../../../Engine/Plugins/Animation/ControlRig/Content/Controls/ControlRig_Star4_3mm.uasset" 226
"../../../Engine/Plugins/Animation/ControlRig/Content/Controls/ControlRig_Star4_3mm.uexp" 227
"../../../Engine/Plugins/Animation/ControlRig/Content/Controls/ControlRig_Star4_1mm.ubulk" 228
"../../../Engine/Plugins/Animation/ControlRig/Content/Controls/ControlRig_Star4_1mm.uasset" 229
"../../../Engine/Plugins/Animation/ControlRig/Content/Controls/ControlRig_Star4_1mm.uexp" 230
"../../../Engine/Plugins/Animation/ControlRig/Content/Controls/ControlRig_Square_solid.ubulk" 231
"../../../Engine/Plugins/Animation/ControlRig/Content/Controls/ControlRig_Square_solid.uasset" 232
"../../../Engine/Plugins/Animation/ControlRig/Content/Controls/ControlRig_Square_solid.uexp" 233
"../../../Engine/Plugins/Animation/ControlRig/Content/Controls/ControlRig_Square_3mm.ubulk" 234
"../../../Engine/Plugins/Animation/ControlRig/Content/Controls/ControlRig_Square_3mm.uasset" 235
"../../../Engine/Plugins/Animation/ControlRig/Content/Controls/ControlRig_Square_3mm.uexp" 236
"../../../Engine/Plugins/Animation/ControlRig/Content/Controls/ControlRig_Square_1mm.ubulk" 237
"../../../Engine/Plugins/Animation/ControlRig/Content/Controls/ControlRig_Square_1mm.uasset" 238
"../../../Engine/Plugins/Animation/ControlRig/Content/Controls/ControlRig_Square_1mm.uexp" 239
"../../../Engine/Plugins/Animation/ControlRig/Content/Controls/ControlRig_Sphere_solid.ubulk" 240
"../../../Engine/Plugins/Animation/ControlRig/Content/Controls/ControlRig_Sphere_solid.uasset" 241
"../../../Engine/Plugins/Animation/ControlRig/Content/Controls/ControlRig_Sphere_solid.uexp" 242
"../../../Engine/Plugins/Animation/ControlRig/Content/Controls/ControlRig_Sphere_3mm.ubulk" 243
"../../../Engine/Plugins/Animation/ControlRig/Content/Controls/ControlRig_Sphere_3mm.uasset" 244
"../../../Engine/Plugins/Animation/ControlRig/Content/Controls/ControlRig_Sphere_3mm.uexp" 245
"../../../Engine/Plugins/Animation/ControlRig/Content/Controls/ControlRig_Sphere_1mm.ubulk" 246
"../../../Engine/Plugins/Animation/ControlRig/Content/Controls/ControlRig_Sphere_1mm.uasset" 247
"../../../Engine/Plugins/Animation/ControlRig/Content/Controls/ControlRig_Sphere_1mm.uexp" 248
"../../../Engine/Plugins/Animation/ControlRig/Content/Controls/ControlRig_RoundedTriangle_solid.ubulk" 249
"../../../Engine/Plugins/Animation/ControlRig/Content/Controls/ControlRig_RoundedTriangle_solid.uasset" 250
"../../../Engine/Plugins/Animation/ControlRig/Content/Controls/ControlRig_RoundedTriangle_solid.uexp" 251
"../../../Engine/Plugins/Animation/ControlRig/Content/Controls/ControlRig_RoundedTriangle_3mm.ubulk" 252
"../../../Engine/Plugins/Animation/ControlRig/Content/Controls/ControlRig_RoundedTriangle_3mm.uasset" 253
"../../../Engine/Plugins/Animation/ControlRig/Content/Controls/ControlRig_RoundedTriangle_3mm.uexp" 254
"../../../Engine/Plugins/Animation/ControlRig/Content/Controls/ControlRig_RoundedTriangle_1mm.ubulk" 255
"../../../Engine/Plugins/Animation/ControlRig/Content/Controls/ControlRig_RoundedTriangle_1mm.uasset" 256
"../../../Engine/Plugins/Animation/ControlRig/Content/Controls/ControlRig_RoundedTriangle_1mm.uexp" 257
"../../../Engine/Plugins/Animation/ControlRig/Content/Controls/ControlRig_RoundedSquare_solid.ubulk" 258
"../../../Engine/Plugins/Animation/ControlRig/Content/Controls/ControlRig_RoundedSquare_solid.uasset" 259
"../../../Engine/Plugins/Animation/ControlRig/Content/Controls/ControlRig_RoundedSquare_solid.uexp" 260
"../../../Engine/Plugins/Animation/ControlRig/Content/Controls/ControlRig_RoundedSquare_3mm.ubulk" 261
"../../../Engine/Plugins/Animation/ControlRig/Content/Controls/ControlRig_RoundedSquare_3mm.uasset" 262
"../../../Engine/Plugins/Animation/ControlRig/Content/Controls/ControlRig_RoundedSquare_3mm.uexp" 263
"../../../Engine/Plugins/Animation/ControlRig/Content/Controls/ControlRig_RoundedSquare_1mm.ubulk" 264
"../../../Engine/Plugins/Animation/ControlRig/Content/Controls/ControlRig_RoundedSquare_1mm.uasset" 265
"../../../Engine/Plugins/Animation/ControlRig/Content/Controls/ControlRig_RoundedSquare_1mm.uexp" 266
"../../../Engine/Plugins/Animation/ControlRig/Content/Controls/ControlRig_QuarterCircle_solid.ubulk" 267
"../../../Engine/Plugins/Animation/ControlRig/Content/Controls/ControlRig_QuarterCircle_solid.uasset" 268
"../../../Engine/Plugins/Animation/ControlRig/Content/Controls/ControlRig_QuarterCircle_solid.uexp" 269
"../../../Engine/Plugins/Animation/ControlRig/Content/Controls/ControlRig_QuarterCircle_3mm.ubulk" 270
"../../../Engine/Plugins/Animation/ControlRig/Content/Controls/ControlRig_QuarterCircle_3mm.uasset" 271
"../../../Engine/Plugins/Animation/ControlRig/Content/Controls/ControlRig_QuarterCircle_3mm.uexp" 272
"../../../Engine/Plugins/Animation/ControlRig/Content/Controls/ControlRig_QuarterCircle_1mm.ubulk" 273
"../../../Engine/Plugins/Animation/ControlRig/Content/Controls/ControlRig_QuarterCircle_1mm.uasset" 274
"../../../Engine/Plugins/Animation/ControlRig/Content/Controls/ControlRig_QuarterCircle_1mm.uexp" 275
"../../../Engine/Plugins/Animation/ControlRig/Content/Controls/ControlRig_Pyramid_solid.ubulk" 276
"../../../Engine/Plugins/Animation/ControlRig/Content/Controls/ControlRig_Pyramid_solid.uasset" 277
"../../../Engine/Plugins/Animation/ControlRig/Content/Controls/ControlRig_Pyramid_solid.uexp" 278
"../../../Engine/Plugins/Animation/ControlRig/Content/Controls/ControlRig_Pyramid_3mm.ubulk" 279
"../../../Engine/Plugins/Animation/ControlRig/Content/Controls/ControlRig_Pyramid_3mm.uasset" 280
"../../../Engine/Plugins/Animation/ControlRig/Content/Controls/ControlRig_Pyramid_3mm.uexp" 281
"../../../Engine/Plugins/Animation/ControlRig/Content/Controls/ControlRig_Pyramid_1mm.ubulk" 282
"../../../Engine/Plugins/Animation/ControlRig/Content/Controls/ControlRig_Pyramid_1mm.uasset" 283
"../../../Engine/Plugins/Animation/ControlRig/Content/Controls/ControlRig_Pyramid_1mm.uexp" 284
"../../../Engine/Plugins/Animation/ControlRig/Content/Controls/ControlRig_Octagon_solid.ubulk" 285
"../../../Engine/Plugins/Animation/ControlRig/Content/Controls/ControlRig_Octagon_solid.uasset" 286
"../../../Engine/Plugins/Animation/ControlRig/Content/Controls/ControlRig_Octagon_solid.uexp" 287
"../../../Engine/Plugins/Animation/ControlRig/Content/Controls/ControlRig_Octagon_3mm.ubulk" 288
"../../../Engine/Plugins/Animation/ControlRig/Content/Controls/ControlRig_Octagon_3mm.uasset" 289
"../../../Engine/Plugins/Animation/ControlRig/Content/Controls/ControlRig_Octagon_3mm.uexp" 290
"../../../Engine/Plugins/Animation/ControlRig/Content/Controls/ControlRig_Octagon_1mm.ubulk" 291
"../../../Engine/Plugins/Animation/ControlRig/Content/Controls/ControlRig_Octagon_1mm.uasset" 292
"../../../Engine/Plugins/Animation/ControlRig/Content/Controls/ControlRig_Octagon_1mm.uexp" 293
"../../../Engine/Plugins/Animation/ControlRig/Content/Controls/ControlRig_Hexagon_solid.ubulk" 294
"../../../Engine/Plugins/Animation/ControlRig/Content/Controls/ControlRig_Hexagon_solid.uasset" 295
"../../../Engine/Plugins/Animation/ControlRig/Content/Controls/ControlRig_Hexagon_solid.uexp" 296
"../../../Engine/Plugins/Animation/ControlRig/Content/Controls/ControlRig_Hexagon_3mm.ubulk" 297
"../../../Engine/Plugins/Animation/ControlRig/Content/Controls/ControlRig_Hexagon_3mm.uasset" 298
"../../../Engine/Plugins/Animation/ControlRig/Content/Controls/ControlRig_Hexagon_3mm.uexp" 299
"../../../Engine/Plugins/Animation/ControlRig/Content/Controls/ControlRig_Hexagon_1mm.ubulk" 300
"../../../Engine/Plugins/Animation/ControlRig/Content/Controls/ControlRig_Hexagon_1mm.uasset" 301
"../../../Engine/Plugins/Animation/ControlRig/Content/Controls/ControlRig_Hexagon_1mm.uexp" 302
"../../../Engine/Plugins/Animation/ControlRig/Content/Controls/ControlRig_HalfCircle_solid.ubulk" 303
"../../../Engine/Plugins/Animation/ControlRig/Content/Controls/ControlRig_HalfCircle_solid.uasset" 304
"../../../Engine/Plugins/Animation/ControlRig/Content/Controls/ControlRig_HalfCircle_solid.uexp" 305
"../../../Engine/Plugins/Animation/ControlRig/Content/Controls/ControlRig_HalfCircle_3mm.ubulk" 306
"../../../Engine/Plugins/Animation/ControlRig/Content/Controls/ControlRig_HalfCircle_3mm.uasset" 307
"../../../Engine/Plugins/Animation/ControlRig/Content/Controls/ControlRig_HalfCircle_3mm.uexp" 308
"../../../Engine/Plugins/Animation/ControlRig/Content/Controls/ControlRig_HalfCircle_1mm.ubulk" 309
"../../../Engine/Plugins/Animation/ControlRig/Content/Controls/ControlRig_HalfCircle_1mm.uasset" 310
"../../../Engine/Plugins/Animation/ControlRig/Content/Controls/ControlRig_HalfCircle_1mm.uexp" 311
"../../../Engine/Plugins/Animation/ControlRig/Content/Controls/ControlRig_Diamond_solid.ubulk" 312
"../../../Engine/Plugins/Animation/ControlRig/Content/Controls/ControlRig_Diamond_solid.uasset" 313
"../../../Engine/Plugins/Animation/ControlRig/Content/Controls/ControlRig_Diamond_solid.uexp" 314
"../../../Engine/Plugins/Animation/ControlRig/Content/Controls/ControlRig_Diamond_3mm.ubulk" 315
"../../../Engine/Plugins/Animation/ControlRig/Content/Controls/ControlRig_Diamond_3mm.uasset" 316
"../../../Engine/Plugins/Animation/ControlRig/Content/Controls/ControlRig_Diamond_3mm.uexp" 317
"../../../Engine/Plugins/Animation/ControlRig/Content/Controls/ControlRig_Diamond_1mm.ubulk" 318
"../../../Engine/Plugins/Animation/ControlRig/Content/Controls/ControlRig_Diamond_1mm.uasset" 319
"../../../Engine/Plugins/Animation/ControlRig/Content/Controls/ControlRig_Diamond_1mm.uexp" 320
"../../../Engine/Plugins/Animation/ControlRig/Content/Controls/ControlRig_Circle_solid.ubulk" 321
"../../../Engine/Plugins/Animation/ControlRig/Content/Controls/ControlRig_Circle_solid.uasset" 322
"../../../Engine/Plugins/Animation/ControlRig/Content/Controls/ControlRig_Circle_solid.uexp" 323
"../../../Engine/Plugins/Animation/ControlRig/Content/Controls/ControlRig_Circle_3mm.ubulk" 324
"../../../Engine/Plugins/Animation/ControlRig/Content/Controls/ControlRig_Circle_3mm.uasset" 325
"../../../Engine/Plugins/Animation/ControlRig/Content/Controls/ControlRig_Circle_3mm.uexp" 326
"../../../Engine/Plugins/Animation/ControlRig/Content/Controls/ControlRig_Circle_1mm.ubulk" 327
"../../../Engine/Plugins/Animation/ControlRig/Content/Controls/ControlRig_Circle_1mm.uasset" 328
"../../../Engine/Plugins/Animation/ControlRig/Content/Controls/ControlRig_Circle_1mm.uexp" 329
"../../../Engine/Plugins/Animation/ControlRig/Content/Controls/ControlRig_Box_solid.ubulk" 330
"../../../Engine/Plugins/Animation/ControlRig/Content/Controls/ControlRig_Box_solid.uasset" 331
"../../../Engine/Plugins/Animation/ControlRig/Content/Controls/ControlRig_Box_solid.uexp" 332
"../../../Engine/Plugins/Animation/ControlRig/Content/Controls/ControlRig_Box_3mm.ubulk" 333
"../../../Engine/Plugins/Animation/ControlRig/Content/Controls/ControlRig_Box_3mm.uasset" 334
"../../../Engine/Plugins/Animation/ControlRig/Content/Controls/ControlRig_Box_3mm.uexp" 335
"../../../Engine/Plugins/Animation/ControlRig/Content/Controls/ControlRig_Box_1mm.ubulk" 336
"../../../Engine/Plugins/Animation/ControlRig/Content/Controls/ControlRig_Box_1mm.uasset" 337
"../../../Engine/Plugins/Animation/ControlRig/Content/Controls/ControlRig_Box_1mm.uexp" 338
"../../../Engine/Plugins/Animation/ControlRig/Content/Controls/ControlRig_Arrow_solid.ubulk" 339
"../../../Engine/Plugins/Animation/ControlRig/Content/Controls/ControlRig_Arrow_solid.uasset" 340
"../../../Engine/Plugins/Animation/ControlRig/Content/Controls/ControlRig_Arrow_solid.uexp" 341
"../../../Engine/Plugins/Animation/ControlRig/Content/Controls/ControlRig_Arrow_3mm.ubulk" 342
"../../../Engine/Plugins/Animation/ControlRig/Content/Controls/ControlRig_Arrow_3mm.uasset" 343
"../../../Engine/Plugins/Animation/ControlRig/Content/Controls/ControlRig_Arrow_3mm.uexp" 344
"../../../Engine/Plugins/Animation/ControlRig/Content/Controls/ControlRig_Arrow_1mm.ubulk" 345
"../../../Engine/Plugins/Animation/ControlRig/Content/Controls/ControlRig_Arrow_1mm.uasset" 346
"../../../Engine/Plugins/Animation/ControlRig/Content/Controls/ControlRig_Arrow_1mm.uexp" 347
"../../../Engine/Plugins/Animation/ControlRig/Content/Controls/ControlRig_Arrow4_solid.ubulk" 348
"../../../Engine/Plugins/Animation/ControlRig/Content/Controls/ControlRig_Arrow4_solid.uasset" 349
"../../../Engine/Plugins/Animation/ControlRig/Content/Controls/ControlRig_Arrow4_solid.uexp" 350
"../../../Engine/Plugins/Animation/ControlRig/Content/Controls/ControlRig_Arrow4_3mm.ubulk" 351
"../../../Engine/Plugins/Animation/ControlRig/Content/Controls/ControlRig_Arrow4_3mm.uasset" 352
"../../../Engine/Plugins/Animation/ControlRig/Content/Controls/ControlRig_Arrow4_3mm.uexp" 353
"../../../Engine/Plugins/Animation/ControlRig/Content/Controls/ControlRig_Arrow4_1mm.ubulk" 354
"../../../Engine/Plugins/Animation/ControlRig/Content/Controls/ControlRig_Arrow4_1mm.uasset" 355
"../../../Engine/Plugins/Animation/ControlRig/Content/Controls/ControlRig_Arrow4_1mm.uexp" 356
"../../../Engine/Plugins/Animation/ControlRig/Content/Controls/ControlRig_Arrow2_solid.ubulk" 357
"../../../Engine/Plugins/Animation/ControlRig/Content/Controls/ControlRig_Arrow2_solid.uasset" 358
"../../../Engine/Plugins/Animation/ControlRig/Content/Controls/ControlRig_Arrow2_solid.uexp" 359
"../../../Engine/Plugins/Animation/ControlRig/Content/Controls/ControlRig_Arrow2_3mm.ubulk" 360
"../../../Engine/Plugins/Animation/ControlRig/Content/Controls/ControlRig_Arrow2_3mm.uasset" 361
"../../../Engine/Plugins/Animation/ControlRig/Content/Controls/ControlRig_Arrow2_3mm.uexp" 362
"../../../Engine/Plugins/Animation/ControlRig/Content/Controls/ControlRig_Arrow2_1mm.ubulk" 363
"../../../Engine/Plugins/Animation/ControlRig/Content/Controls/ControlRig_Arrow2_1mm.uasset" 364
"../../../Engine/Plugins/Animation/ControlRig/Content/Controls/ControlRig_Arrow2_1mm.uexp" 365
"../../../Engine/Plugins/Animation/ControlRig/Content/Controls/ControlRigXRayMaterial.uasset" 366
"../../../Engine/Plugins/Animation/ControlRig/Content/Controls/ControlRigXRayMaterial.uexp" 367
"../../../Engine/Plugins/Animation/ControlRig/Content/Controls/ControlRigGizmoMaterial.uasset" 368
"../../../Engine/Plugins/Animation/ControlRig/Content/Controls/ControlRigGizmoMaterial.uexp" 369
"../../../Engine/Content/EngineResources/WhiteSquareTexture.uasset" 370
"../../../Engine/Content/EngineResources/WhiteSquareTexture.uexp" 371
"../../../Engine/Content/EngineMaterials/Widget3DPassThrough.uasset" 372
"../../../Engine/Content/EngineMaterials/Widget3DPassThrough.uexp" 373
"../../../Engine/Content/EngineMaterials/Widget3DPassThrough_Translucent.uasset" 374
"../../../Engine/Content/EngineMaterials/Widget3DPassThrough_Translucent.uexp" 375
"../../../Engine/Content/EngineMaterials/Widget3DPassThrough_Translucent_OneSided.uasset" 376
"../../../Engine/Content/EngineMaterials/Widget3DPassThrough_Translucent_OneSided.uexp" 377
"../../../Engine/Content/EngineMaterials/Widget3DPassThrough_Opaque.uasset" 378
"../../../Engine/Content/EngineMaterials/Widget3DPassThrough_Opaque.uexp" 379
"../../../Engine/Content/EngineMaterials/Widget3DPassThrough_Opaque_OneSided.uasset" 380
"../../../Engine/Content/EngineMaterials/Widget3DPassThrough_Opaque_OneSided.uexp" 381
"../../../Engine/Content/EngineMaterials/Widget3DPassThrough_Masked_OneSided.uasset" 382
"../../../Engine/Content/EngineMaterials/Widget3DPassThrough_Masked_OneSided.uexp" 383
"../../../Engine/Content/EngineMaterials/Widget3DPassThrough_Masked.uasset" 384
"../../../Engine/Content/EngineMaterials/Widget3DPassThrough_Masked.uexp" 385
"../../../Engine/Content/EngineMaterials/WeightMapPlaceholderTexture.uasset" 386
"../../../Engine/Content/EngineMaterials/WeightMapPlaceholderTexture.uexp" 387
"../../../Engine/Content/EngineMaterials/WeightMapArrayPlaceholderTexture.uasset" 388
"../../../Engine/Content/EngineMaterials/WeightMapArrayPlaceholderTexture.uexp" 389
"../../../Engine/Content/EngineMaterials/RemoveSurfaceMaterial.uasset" 390
"../../../Engine/Content/EngineMaterials/RemoveSurfaceMaterial.uexp" 391
"../../../Engine/Content/EngineMaterials/DefaultCalibrationGrayscale.uasset" 392
"../../../Engine/Content/EngineMaterials/DefaultCalibrationGrayscale.uexp" 393
"../../../Engine/Content/EngineMaterials/PPM_DefaultCalibrationGrayscale.uasset" 394
"../../../Engine/Content/EngineMaterials/PPM_DefaultCalibrationGrayscale.uexp" 395
"../../../Engine/Content/EngineMaterials/DefaultCalibrationColor.uasset" 396
"../../../Engine/Content/EngineMaterials/DefaultCalibrationColor.uexp" 397
"../../../Engine/Content/EngineMaterials/PPM_DefaultCalibrationColor.uasset" 398
"../../../Engine/Content/EngineMaterials/PPM_DefaultCalibrationColor.uexp" 399
"../../../Engine/Content/EngineMaterials/PhAT_JointLimitMaterial.uasset" 400
"../../../Engine/Content/EngineMaterials/PhAT_JointLimitMaterial.uexp" 401
"../../../Engine/Content/EngineMaterials/NaniteHiddenSectionMaterial.uasset" 402
"../../../Engine/Content/EngineMaterials/NaniteHiddenSectionMaterial.uexp" 403
"../../../Engine/Content/EngineMaterials/InvalidLightmapSettings.ubulk" 404
"../../../Engine/Content/EngineMaterials/InvalidLightmapSettings.uasset" 405
"../../../Engine/Content/EngineMaterials/InvalidLightmapSettings.uexp" 406
"../../../Engine/Content/EngineMaterials/M_InvalidLightmapSettings.uasset" 407
"../../../Engine/Content/EngineMaterials/M_InvalidLightmapSettings.uexp" 408
"../../../Engine/Content/EngineMaterials/GizmoMaterial.uasset" 409
"../../../Engine/Content/EngineMaterials/GizmoMaterial.uexp" 410
"../../../Engine/Content/EngineMaterials/BaseFlattenEmissiveMap_VT.uasset" 411
"../../../Engine/Content/EngineMaterials/BaseFlattenEmissiveMap_VT.uexp" 412
"../../../Engine/Content/EngineMaterials/BaseFlattenGrayscaleMap_VT.uasset" 413
"../../../Engine/Content/EngineMaterials/BaseFlattenGrayscaleMap_VT.uexp" 414
"../../../Engine/Content/EngineMaterials/BaseFlattenLinearColor_VT.uasset" 415
"../../../Engine/Content/EngineMaterials/BaseFlattenLinearColor_VT.uexp" 416
"../../../Engine/Content/EngineMaterials/Black_1x1_EXR_Texture_VT.uasset" 417
"../../../Engine/Content/EngineMaterials/Black_1x1_EXR_Texture_VT.uexp" 418
"../../../Engine/Content/EngineMaterials/BaseFlattenDiffuseMap_VT.uasset" 419
"../../../Engine/Content/EngineMaterials/BaseFlattenDiffuseMap_VT.uexp" 420
"../../../Engine/Content/EngineMaterials/BaseFlattenNormalMap_VT.uasset" 421
"../../../Engine/Content/EngineMaterials/BaseFlattenNormalMap_VT.uexp" 422
"../../../Engine/Content/EngineMaterials/FlattenMaterial_WS_Normal_VT.uasset" 423
"../../../Engine/Content/EngineMaterials/FlattenMaterial_WS_Normal_VT.uexp" 424
"../../../Engine/Content/EngineMaterials/FlattenMaterial_VT.uasset" 425
"../../../Engine/Content/EngineMaterials/FlattenMaterial_VT.uexp" 426
"../../../Engine/Content/EngineMaterials/BaseFlattenNormalMap.uasset" 427
"../../../Engine/Content/EngineMaterials/BaseFlattenNormalMap.uexp" 428
"../../../Engine/Content/EngineMaterials/BaseFlattenGrayscaleMap.uasset" 429
"../../../Engine/Content/EngineMaterials/BaseFlattenGrayscaleMap.uexp" 430
"../../../Engine/Content/EngineMaterials/BaseFlattenDiffuseMap.uasset" 431
"../../../Engine/Content/EngineMaterials/BaseFlattenDiffuseMap.uexp" 432
"../../../Engine/Content/Functions/Engine_MaterialFunctions02/PivotPainter2/Black_1x1_EXR_Texture.uasset" 433
"../../../Engine/Content/Functions/Engine_MaterialFunctions02/PivotPainter2/Black_1x1_EXR_Texture.uexp" 434
"../../../Engine/Content/EngineMaterials/BaseFlattenEmissiveMap.uasset" 435
"../../../Engine/Content/EngineMaterials/BaseFlattenEmissiveMap.uexp" 436
"../../../Engine/Content/EngineMaterials/BaseFlattenLinearColor.uasset" 437
"../../../Engine/Content/EngineMaterials/BaseFlattenLinearColor.uexp" 438
"../../../Engine/Content/EngineMaterials/FlattenMaterial.uasset" 439
"../../../Engine/Content/EngineMaterials/FlattenMaterial.uexp" 440
"../../../Engine/Content/EngineMaterials/DefaultWhiteGrid_Low.uasset" 441
"../../../Engine/Content/EngineMaterials/DefaultWhiteGrid_Low.uexp" 442
"../../../Engine/Content/EngineMaterials/EmissiveMeshMaterial.uasset" 443
"../../../Engine/Content/EngineMaterials/EmissiveMeshMaterial.uexp" 444
"../../../Engine/Content/EngineFonts/RobotoDistanceField.uasset" 445
"../../../Engine/Content/EngineFonts/RobotoDistanceField.uexp" 446
"../../../Engine/Content/EngineMaterials/DefaultTextMaterialOpaque.uasset" 447
"../../../Engine/Content/EngineMaterials/DefaultTextMaterialOpaque.uexp" 448
"../../../Engine/Content/EngineMaterials/DefaultDiffuse.ubulk" 449
"../../../Engine/Content/EngineMaterials/DefaultDiffuse.uasset" 450
"../../../Engine/Content/EngineMaterials/DefaultDiffuse.uexp" 451
"../../../Engine/Content/Functions/Engine_MaterialFunctions02/Utility/BreakOutFloat2Components.uasset" 452
"../../../Engine/Content/Functions/Engine_MaterialFunctions02/Utility/BreakOutFloat2Components.uexp" 453
"../../../Engine/Content/EngineMaterials/DefaultPostProcessMaterial.uasset" 454
"../../../Engine/Content/EngineMaterials/DefaultPostProcessMaterial.uexp" 455
"../../../Engine/Content/EngineMaterials/DefaultLightFunctionMaterial.uasset" 456
"../../../Engine/Content/EngineMaterials/DefaultLightFunctionMaterial.uexp" 457
"../../../Engine/Content/EngineMaterials/DefaultDeferredDecalMaterial.uasset" 458
"../../../Engine/Content/EngineMaterials/DefaultDeferredDecalMaterial.uexp" 459
"../../../Engine/Content/Functions/Engine_MaterialFunctions02/Utility/CameraDirectionVector.uasset" 460
"../../../Engine/Content/Functions/Engine_MaterialFunctions02/Utility/CameraDirectionVector.uexp" 461
"../../../Engine/Content/EngineDebugMaterials/VolumeToRender.uasset" 462
"../../../Engine/Content/EngineDebugMaterials/VolumeToRender.uexp" 463
"../../../Engine/Content/EngineDebugMaterials/M_VolumeRenderSphereTracePP.uasset" 464
"../../../Engine/Content/EngineDebugMaterials/M_VolumeRenderSphereTracePP.uexp" 465
"../../../Engine/Content/EngineDebugMaterials/M_SimpleUnlitTranslucent.uasset" 466
"../../../Engine/Content/EngineDebugMaterials/M_SimpleUnlitTranslucent.uexp" 467
"../../../Engine/Content/EngineDebugMaterials/DebugMeshMaterial.uasset" 468
"../../../Engine/Content/EngineDebugMaterials/DebugMeshMaterial.uexp" 469
"../../../Engine/Content/EngineDebugMaterials/DebugEditorMaterial.uasset" 470
"../../../Engine/Content/EngineDebugMaterials/DebugEditorMaterial.uexp" 471
"../../../Engine/Content/EditorMaterials/PreviewShadowIndicator.ubulk" 472
"../../../Engine/Content/EditorMaterials/PreviewShadowIndicator.uasset" 473
"../../../Engine/Content/EditorMaterials/PreviewShadowIndicator.uexp" 474
"../../../Engine/Content/EditorMaterials/PreviewShadowIndicatorMaterial.uasset" 475
"../../../Engine/Content/EditorMaterials/PreviewShadowIndicatorMaterial.uexp" 476
"../../../Engine/Content/EditorMaterials/PhAT_UnselectedMaterial.uasset" 477
"../../../Engine/Content/EditorMaterials/PhAT_UnselectedMaterial.uexp" 478
"../../../Engine/Content/EditorMaterials/PhAT_NoCollisionMaterial.uasset" 479
"../../../Engine/Content/EditorMaterials/PhAT_NoCollisionMaterial.uexp" 480
"../../../Engine/Content/EditorLandscapeResources/SplineEditorMeshMat.uasset" 481
"../../../Engine/Content/EditorLandscapeResources/SplineEditorMeshMat.uexp" 482
"../../../Engine/Content/EditorLandscapeResources/SplineEditorMesh.ubulk" 483
"../../../Engine/Content/EditorLandscapeResources/SplineEditorMesh.uasset" 484
"../../../Engine/Content/EditorLandscapeResources/SplineEditorMesh.uexp" 485
"../../../Engine/Content/EngineMaterials/DefaultMaterial.uasset" 486
"../../../Engine/Content/EngineMaterials/DefaultMaterial.uexp" 487
"../../../Engine/Content/BasicShapes/Sphere.ubulk" 488
"../../../Engine/Content/BasicShapes/Sphere.uasset" 489
"../../../Engine/Content/BasicShapes/Sphere.uexp" 490
"../../../Engine/Content/BasicShapes/Cone.ubulk" 491
"../../../Engine/Content/BasicShapes/Cone.uasset" 492
"../../../Engine/Content/BasicShapes/Cone.uexp" 493
"../../../Engine/Plugins/Runtime/MeshModelingToolset/Content/Materials/M_DynamicMeshComponentVtxColor.uasset" 494
"../../../Engine/Plugins/Runtime/MeshModelingToolset/Content/Materials/M_DynamicMeshComponentVtxColor.uexp" 495
"../../../Engine/Plugins/Runtime/HairStrands/Content/Materials/HairMeshesDefaultMaterial.uasset" 496
"../../../Engine/Plugins/Runtime/HairStrands/Content/Materials/HairMeshesDefaultMaterial.uexp" 497
"../../../Engine/Plugins/Runtime/HairStrands/Content/Materials/HairDefaultMaterial.uasset" 498
"../../../Engine/Plugins/Runtime/HairStrands/Content/Materials/HairDefaultMaterial.uexp" 499
"../../../Engine/Plugins/Runtime/HairStrands/Content/Materials/HairGroupColors.uasset" 500
"../../../Engine/Plugins/Runtime/HairStrands/Content/Materials/HairGroupColors.uexp" 501
"../../../Engine/Content/Functions/Engine_MaterialFunctions02/Utility/MakeFloat2.uasset" 502
"../../../Engine/Content/Functions/Engine_MaterialFunctions02/Utility/MakeFloat2.uexp" 503
"../../../Engine/Content/Functions/Engine_MaterialFunctions02/Utility/MakeFloat3.uasset" 504
"../../../Engine/Content/Functions/Engine_MaterialFunctions02/Utility/MakeFloat3.uexp" 505
"../../../Engine/Content/EngineMaterials/HairColorMap.uasset" 506
"../../../Engine/Content/EngineMaterials/HairColorMap.uexp" 507
"../../../Engine/Content/EngineMaterials/HairDebugColor.uasset" 508
"../../../Engine/Content/EngineMaterials/HairDebugColor.uexp" 509
"../../../Engine/Plugins/Runtime/HairStrands/Content/Materials/HairDebugMaterial.uasset" 510
"../../../Engine/Plugins/Runtime/HairStrands/Content/Materials/HairDebugMaterial.uexp" 511
"../../../Engine/Plugins/Runtime/HairStrands/Content/Materials/HairCardsDefaultMaterial.uasset" 512
"../../../Engine/Plugins/Runtime/HairStrands/Content/Materials/HairCardsDefaultMaterial.uexp" 513
"../../../Engine/Content/Functions/Engine_MaterialFunctions02/Texturing/CustomRotator.uasset" 514
"../../../Engine/Content/Functions/Engine_MaterialFunctions02/Texturing/CustomRotator.uexp" 515
"../../../Engine/Content/Functions/Engine_MaterialFunctions01/Texturing/ScaleUVsByCenter.uasset" 516
"../../../Engine/Content/Functions/Engine_MaterialFunctions01/Texturing/ScaleUVsByCenter.uexp" 517
"../../../Engine/Plugins/Runtime/AudioWidgets/Content/AudioMaterialSlate/Functions/MF_SingleLine_Smooth.uasset" 518
"../../../Engine/Plugins/Runtime/AudioWidgets/Content/AudioMaterialSlate/Functions/MF_SingleLine_Smooth.uexp" 519
"../../../Engine/Plugins/Runtime/AudioWidgets/Content/AudioMaterialSlate/Functions/MF_AngleGradient.uasset" 520
"../../../Engine/Plugins/Runtime/AudioWidgets/Content/AudioMaterialSlate/Functions/MF_AngleGradient.uexp" 521
"../../../Engine/Plugins/Runtime/AudioWidgets/Content/AudioMaterialSlate/Functions/MF_SingleLine.uasset" 522
"../../../Engine/Plugins/Runtime/AudioWidgets/Content/AudioMaterialSlate/Functions/MF_SingleLine.uexp" 523
"../../../Engine/Content/Functions/Engine_MaterialFunctions01/Gradient/SphereGradient-2D.uasset" 524
"../../../Engine/Content/Functions/Engine_MaterialFunctions01/Gradient/SphereGradient-2D.uexp" 525
"../../../Engine/Plugins/Runtime/AudioWidgets/Content/AudioMaterialSlate/M_AudioMaterialToggleButton.uasset" 526
"../../../Engine/Plugins/Runtime/AudioWidgets/Content/AudioMaterialSlate/M_AudioMaterialToggleButton.uexp" 527
"../../../Engine/Plugins/Runtime/AudioWidgets/Content/AudioMaterialSlate/MI_AudioMaterialToggleButton.uasset" 528
"../../../Engine/Plugins/Runtime/AudioWidgets/Content/AudioMaterialSlate/MI_AudioMaterialToggleButton.uexp" 529
"../../../Engine/Content/Functions/Engine_MaterialFunctions02/Utility/VectorLength.uasset" 530
"../../../Engine/Content/Functions/Engine_MaterialFunctions02/Utility/VectorLength.uexp" 531
"../../../Engine/Content/Functions/Engine_MaterialFunctions01/Gradient/GeneratedRoundRect.uasset" 532
"../../../Engine/Content/Functions/Engine_MaterialFunctions01/Gradient/GeneratedRoundRect.uexp" 533
"../../../Engine/Plugins/Runtime/AudioWidgets/Content/AudioMaterialSlate/M_AudioMaterialRoundedSlider.uasset" 534
"../../../Engine/Plugins/Runtime/AudioWidgets/Content/AudioMaterialSlate/M_AudioMaterialRoundedSlider.uexp" 535
"../../../Engine/Plugins/Runtime/AudioWidgets/Content/AudioMaterialSlate/MI_AudioMaterialRoundedSlider.uasset" 536
"../../../Engine/Plugins/Runtime/AudioWidgets/Content/AudioMaterialSlate/MI_AudioMaterialRoundedSlider.uexp" 537
"../../../Engine/Plugins/Runtime/AudioWidgets/Content/AudioMaterialSlate/Functions/MF_Lines.uasset" 538
"../../../Engine/Plugins/Runtime/AudioWidgets/Content/AudioMaterialSlate/Functions/MF_Lines.uexp" 539
"../../../Engine/Content/Functions/Engine_MaterialFunctions02/Lerp_3Color.uasset" 540
"../../../Engine/Content/Functions/Engine_MaterialFunctions02/Lerp_3Color.uexp" 541
"../../../Engine/Plugins/Runtime/AudioWidgets/Content/AudioMaterialSlate/M_AudioMaterialMeter.uasset" 542
"../../../Engine/Plugins/Runtime/AudioWidgets/Content/AudioMaterialSlate/M_AudioMaterialMeter.uexp" 543
"../../../Engine/Plugins/Runtime/AudioWidgets/Content/AudioMaterialSlate/MI_AudioMaterialMeter.uasset" 544
"../../../Engine/Plugins/Runtime/AudioWidgets/Content/AudioMaterialSlate/MI_AudioMaterialMeter.uexp" 545
"../../../Engine/Plugins/Runtime/AudioWidgets/Content/AudioMaterialSlate/M_AudioMaterialKnob.uasset" 546
"../../../Engine/Plugins/Runtime/AudioWidgets/Content/AudioMaterialSlate/M_AudioMaterialKnob.uexp" 547
"../../../Engine/Plugins/Runtime/AudioWidgets/Content/AudioMaterialSlate/MI_AudioMaterialKnob.uasset" 548
"../../../Engine/Plugins/Runtime/AudioWidgets/Content/AudioMaterialSlate/MI_AudioMaterialKnob.uexp" 549
"../../../Engine/Plugins/Runtime/AudioWidgets/Content/AudioMaterialSlate/Functions/MF_DotOutlined.uasset" 550
"../../../Engine/Plugins/Runtime/AudioWidgets/Content/AudioMaterialSlate/Functions/MF_DotOutlined.uexp" 551
"../../../Engine/Plugins/Runtime/AudioWidgets/Content/AudioMaterialSlate/M_AudioMaterialEnvelope_ADSR.uasset" 552
"../../../Engine/Plugins/Runtime/AudioWidgets/Content/AudioMaterialSlate/M_AudioMaterialEnvelope_ADSR.uexp" 553
"../../../Engine/Plugins/Runtime/AudioWidgets/Content/AudioMaterialSlate/MI_AudioMaterialEnvelope_ADSR.uasset" 554
"../../../Engine/Plugins/Runtime/AudioWidgets/Content/AudioMaterialSlate/MI_AudioMaterialEnvelope_ADSR.uexp" 555
"../../../Engine/Plugins/Interchange/Assets/Content/Functions/MX_UsdPreviewSurface.uasset" 556
"../../../Engine/Plugins/Interchange/Assets/Content/Functions/MX_UsdPreviewSurface.uexp" 557
"../../../Engine/Plugins/Interchange/Assets/Content/Functions/MX_UniformEDF.uasset" 558
"../../../Engine/Plugins/Interchange/Assets/Content/Functions/MX_UniformEDF.uexp" 559
"../../../Engine/Plugins/Interchange/Assets/Content/Functions/MX_TranslucentBSDF.uasset" 560
"../../../Engine/Plugins/Interchange/Assets/Content/Functions/MX_TranslucentBSDF.uexp" 561
"../../../Engine/Plugins/Interchange/Assets/Content/Functions/MX_ThinFilmBSDF.uasset" 562
"../../../Engine/Plugins/Interchange/Assets/Content/Functions/MX_ThinFilmBSDF.uexp" 563
"../../../Engine/Plugins/Interchange/Assets/Content/Functions/MX_SurfaceUnlit.uasset" 564
"../../../Engine/Plugins/Interchange/Assets/Content/Functions/MX_SurfaceUnlit.uexp" 565
"../../../Engine/Plugins/Interchange/Assets/Content/Functions/MX_Surface.uasset" 566
"../../../Engine/Plugins/Interchange/Assets/Content/Functions/MX_Surface.uexp" 567
"../../../Engine/Plugins/Interchange/Assets/Content/Functions/MX_SubsurfaceBSDF.uasset" 568
"../../../Engine/Plugins/Interchange/Assets/Content/Functions/MX_SubsurfaceBSDF.uexp" 569
"../../../Engine/Plugins/Interchange/Assets/Content/Functions/MX_SheenBSDF.uasset" 570
"../../../Engine/Plugins/Interchange/Assets/Content/Functions/MX_SheenBSDF.uexp" 571
"../../../Engine/Plugins/Interchange/Assets/Content/Functions/MX_OrenNayarBSDF.uasset" 572
"../../../Engine/Plugins/Interchange/Assets/Content/Functions/MX_OrenNayarBSDF.uexp" 573
"../../../Engine/Plugins/Interchange/Assets/Content/Utilities/New_LUT.uasset" 574
"../../../Engine/Plugins/Interchange/Assets/Content/Utilities/New_LUT.uexp" 575
"../../../Engine/Content/Functions/Engine_MaterialFunctions03/Math/RemapValueRange.uasset" 576
"../../../Engine/Content/Functions/Engine_MaterialFunctions03/Math/RemapValueRange.uexp" 577
"../../../Engine/Plugins/Interchange/Assets/Content/Functions/MF_Iridescence.uasset" 578
"../../../Engine/Plugins/Interchange/Assets/Content/Functions/MF_Iridescence.uexp" 579
"../../../Engine/Plugins/Interchange/Assets/Content/Functions/MX_StandardSurface.uasset" 580
"../../../Engine/Plugins/Interchange/Assets/Content/Functions/MX_StandardSurface.uexp" 581
"../../../Engine/Plugins/Interchange/Assets/Content/Functions/MX_TransmissionSurface.uasset" 582
"../../../Engine/Plugins/Interchange/Assets/Content/Functions/MX_TransmissionSurface.uexp" 583
"../../../Engine/Plugins/Interchange/Assets/Content/Functions/MX_OpenPBR_Translucent.uasset" 584
"../../../Engine/Plugins/Interchange/Assets/Content/Functions/MX_OpenPBR_Translucent.uexp" 585
"../../../Engine/Plugins/Interchange/Assets/Content/Functions/MX_OpenPBR_Opaque.uasset" 586
"../../../Engine/Plugins/Interchange/Assets/Content/Functions/MX_OpenPBR_Opaque.uexp" 587
"../../../Engine/Plugins/Interchange/Assets/Content/Functions/MX_MeasuredEDF.uasset" 588
"../../../Engine/Plugins/Interchange/Assets/Content/Functions/MX_MeasuredEDF.uexp" 589
"../../../Engine/Plugins/Interchange/Assets/Content/Functions/MX_GeneralizedSchlickBSDF.uasset" 590
"../../../Engine/Plugins/Interchange/Assets/Content/Functions/MX_GeneralizedSchlickBSDF.uexp" 591
"../../../Engine/Plugins/Interchange/Assets/Content/Functions/MX_DielectricBSDF.uasset" 592
"../../../Engine/Plugins/Interchange/Assets/Content/Functions/MX_DielectricBSDF.uexp" 593
"../../../Engine/Plugins/Interchange/Assets/Content/Functions/MX_ConicalEDF.uasset" 594
"../../../Engine/Plugins/Interchange/Assets/Content/Functions/MX_ConicalEDF.uexp" 595
"../../../Engine/Plugins/Interchange/Assets/Content/Functions/MX_ConductorBSDF.uasset" 596
"../../../Engine/Plugins/Interchange/Assets/Content/Functions/MX_ConductorBSDF.uexp" 597
"../../../Engine/Plugins/Interchange/Assets/Content/Functions/MX_BurleyDiffuseBSDF.uasset" 598
"../../../Engine/Plugins/Interchange/Assets/Content/Functions/MX_BurleyDiffuseBSDF.uexp" 599
"../../../Engine/Plugins/Interchange/Assets/Content/Functions/MX_AnisotropicVDF.uasset" 600
"../../../Engine/Plugins/Interchange/Assets/Content/Functions/MX_AnisotropicVDF.uexp" 601
"../../../Engine/Plugins/Interchange/Assets/Content/Functions/MX_AbsorptionVDF.uasset" 602
"../../../Engine/Plugins/Interchange/Assets/Content/Functions/MX_AbsorptionVDF.uexp" 603
"../../../Engine/Plugins/Experimental/Water/Content/Meshes/RiverMesh.ubulk" 604
"../../../Engine/Plugins/Experimental/Water/Content/Meshes/RiverMesh.uasset" 605
"../../../Engine/Plugins/Experimental/Water/Content/Meshes/RiverMesh.uexp" 606
"../../../Engine/Plugins/Experimental/Water/Content/Curves/FloatCurve_WaterBodyIsland.uasset" 607
"../../../Engine/Plugins/Experimental/Water/Content/Curves/FloatCurve_WaterBodyIsland.uexp" 608
"../../../Engine/Plugins/Editor/SpeedTreeImporter/Content/SpeedTree9/game_wind_noise.ubulk" 609
"../../../Engine/Plugins/Editor/SpeedTreeImporter/Content/SpeedTree9/game_wind_noise.uasset" 610
"../../../Engine/Plugins/Editor/SpeedTreeImporter/Content/SpeedTree9/game_wind_noise.uexp" 611
"../../../Engine/Plugins/Editor/SpeedTreeImporter/Content/SpeedTree9/UnpackDirection.uasset" 612
"../../../Engine/Plugins/Editor/SpeedTreeImporter/Content/SpeedTree9/UnpackDirection.uexp" 613
"../../../Engine/Content/Functions/Engine_MaterialFunctions02/ObjectLocalBounds.uasset" 614
"../../../Engine/Content/Functions/Engine_MaterialFunctions02/ObjectLocalBounds.uexp" 615
"../../../Engine/Content/Functions/Engine_MaterialFunctions02/Utility/BreakOutFloat3Components.uasset" 616
"../../../Engine/Content/Functions/Engine_MaterialFunctions02/Utility/BreakOutFloat3Components.uexp" 617
"../../../Engine/Content/Functions/Engine_MaterialFunctions02/UVs/BoundingBoxBased_0-1_UVW.uasset" 618
"../../../Engine/Content/Functions/Engine_MaterialFunctions02/UVs/BoundingBoxBased_0-1_UVW.uexp" 619
"../../../Engine/Plugins/Editor/SpeedTreeImporter/Content/SpeedTree9/UnpackInteger3.uasset" 620
"../../../Engine/Plugins/Editor/SpeedTreeImporter/Content/SpeedTree9/UnpackInteger3.uexp" 621
"../../../Engine/Plugins/Editor/SpeedTreeImporter/Content/SpeedTree9/SpeedTreeCameraFacing.uasset" 622
"../../../Engine/Plugins/Editor/SpeedTreeImporter/Content/SpeedTree9/SpeedTreeCameraFacing.uexp" 623
"../../../Engine/Content/Functions/Engine_MaterialFunctions02/WorldPositionOffset/ObjectScale.uasset" 624
"../../../Engine/Content/Functions/Engine_MaterialFunctions02/WorldPositionOffset/ObjectScale.uexp" 625
"../../../Engine/Content/Functions/Engine_MaterialFunctions02/SafeNormalize.uasset" 626
"../../../Engine/Content/Functions/Engine_MaterialFunctions02/SafeNormalize.uexp" 627
"../../../Engine/Plugins/Editor/SpeedTreeImporter/Content/SpeedTree9/SpeedTreeWindMotion.uasset" 628
"../../../Engine/Plugins/Editor/SpeedTreeImporter/Content/SpeedTree9/SpeedTreeWindMotion.uexp" 629
"../../../Engine/Plugins/Editor/SpeedTreeImporter/Content/SpeedTree9/SpeedTreeBranchMotion.uasset" 630
"../../../Engine/Plugins/Editor/SpeedTreeImporter/Content/SpeedTree9/SpeedTreeBranchMotion.uexp" 631
"../../../Engine/Plugins/Editor/SpeedTreeImporter/Content/SpeedTree9/SpeedTreeWind.uasset" 632
"../../../Engine/Plugins/Editor/SpeedTreeImporter/Content/SpeedTree9/SpeedTreeWind.uexp" 633
"../../../Engine/Plugins/Editor/SpeedTreeImporter/Content/SpeedTree9/EmptyNormal.uasset" 634
"../../../Engine/Plugins/Editor/SpeedTreeImporter/Content/SpeedTree9/EmptyNormal.uexp" 635
"../../../Engine/Plugins/Editor/SpeedTreeImporter/Content/SpeedTree9/Empty.uasset" 636
"../../../Engine/Plugins/Editor/SpeedTreeImporter/Content/SpeedTree9/Empty.uexp" 637
"../../../Engine/Plugins/Editor/SpeedTreeImporter/Content/SpeedTree9/SpeedTreeMaster.uasset" 638
"../../../Engine/Plugins/Editor/SpeedTreeImporter/Content/SpeedTree9/SpeedTreeMaster.uexp" 639
"../../../Engine/Plugins/Editor/SpeedTreeImporter/Content/SpeedTree9/SpeedTreeBillboard.uasset" 640
"../../../Engine/Plugins/Editor/SpeedTreeImporter/Content/SpeedTree9/SpeedTreeBillboard.uexp" 641
"../../../Engine/Plugins/Editor/SpeedTreeImporter/Content/SpeedTree9/SpeedTreeBillboardMaster.uasset" 642
"../../../Engine/Plugins/Editor/SpeedTreeImporter/Content/SpeedTree9/SpeedTreeBillboardMaster.uexp" 643
"../../../Engine/Plugins/Interchange/Assets/Content/gltf/Textures/T_White_srgb.uasset" 644
"../../../Engine/Plugins/Interchange/Assets/Content/gltf/Textures/T_White_srgb.uexp" 645
"../../../Engine/Plugins/Interchange/Assets/Content/gltf/MaterialFunctions/MF_BaseColor.uasset" 646
"../../../Engine/Plugins/Interchange/Assets/Content/gltf/MaterialFunctions/MF_BaseColor.uexp" 647
"../../../Engine/Plugins/Interchange/Assets/Content/gltf/MaterialFunctions/MF_RotateV2.uasset" 648
"../../../Engine/Plugins/Interchange/Assets/Content/gltf/MaterialFunctions/MF_RotateV2.uexp" 649
"../../../Engine/Plugins/Interchange/Assets/Content/gltf/MaterialFunctions/MF_TransformUVs.uasset" 650
"../../../Engine/Plugins/Interchange/Assets/Content/gltf/MaterialFunctions/MF_TransformUVs.uexp" 651
"../../../Engine/Plugins/Interchange/Assets/Content/gltf/MaterialBodies/MF_Unlit_Body.uasset" 652
"../../../Engine/Plugins/Interchange/Assets/Content/gltf/MaterialBodies/MF_Unlit_Body.uexp" 653
"../../../Engine/Plugins/Interchange/Assets/Content/gltf/M_Unlit.uasset" 654
"../../../Engine/Plugins/Interchange/Assets/Content/gltf/M_Unlit.uexp" 655
"../../../Engine/Plugins/Interchange/Assets/Content/gltf/MaterialInstances/MI_Unlit_Opaque_DS.uasset" 656
"../../../Engine/Plugins/Interchange/Assets/Content/gltf/MaterialInstances/MI_Unlit_Opaque_DS.uexp" 657
"../../../Engine/Plugins/Interchange/Assets/Content/gltf/MaterialInstances/MI_Unlit_Opaque.uasset" 658
"../../../Engine/Plugins/Interchange/Assets/Content/gltf/MaterialInstances/MI_Unlit_Opaque.uexp" 659
"../../../Engine/Plugins/Interchange/Assets/Content/gltf/MaterialInstances/MI_Unlit_Mask_DS.uasset" 660
"../../../Engine/Plugins/Interchange/Assets/Content/gltf/MaterialInstances/MI_Unlit_Mask_DS.uexp" 661
"../../../Engine/Plugins/Interchange/Assets/Content/gltf/MaterialInstances/MI_Unlit_Mask.uasset" 662
"../../../Engine/Plugins/Interchange/Assets/Content/gltf/MaterialInstances/MI_Unlit_Mask.uexp" 663
"../../../Engine/Plugins/Interchange/Assets/Content/gltf/MaterialInstances/MI_Unlit_Blend_DS.uasset" 664
"../../../Engine/Plugins/Interchange/Assets/Content/gltf/MaterialInstances/MI_Unlit_Blend_DS.uexp" 665
"../../../Engine/Plugins/Interchange/Assets/Content/gltf/MaterialInstances/MI_Unlit_Blend.uasset" 666
"../../../Engine/Plugins/Interchange/Assets/Content/gltf/MaterialInstances/MI_Unlit_Blend.uexp" 667
"../../../Engine/Content/Functions/Engine_MaterialFunctions02/Math/Transform3x3Matrix.uasset" 668
"../../../Engine/Content/Functions/Engine_MaterialFunctions02/Math/Transform3x3Matrix.uexp" 669
"../../../Engine/Content/EngineMaterials/Good64x64TilingNoiseHighFreq.uasset" 670
"../../../Engine/Content/EngineMaterials/Good64x64TilingNoiseHighFreq.uexp" 671
"../../../Engine/Content/Functions/Engine_MaterialFunctions02/Texturing/ScreenAlignedPixelToPixelUVs.uasset" 672
"../../../Engine/Content/Functions/Engine_MaterialFunctions02/Texturing/ScreenAlignedPixelToPixelUVs.uexp" 673
"../../../Engine/Plugins/Interchange/Assets/Content/gltf/MaterialFunctions/MF_Temporal_Blur.uasset" 674
"../../../Engine/Plugins/Interchange/Assets/Content/gltf/MaterialFunctions/MF_Temporal_Blur.uexp" 675
"../../../Engine/Plugins/Interchange/Assets/Content/gltf/MaterialFunctions/MF_Specular.uasset" 676
"../../../Engine/Plugins/Interchange/Assets/Content/gltf/MaterialFunctions/MF_Specular.uexp" 677
"../../../Engine/Plugins/Interchange/Assets/Content/gltf/Textures/T_Anisotropy_Direction_Linear.uasset" 678
"../../../Engine/Plugins/Interchange/Assets/Content/gltf/Textures/T_Anisotropy_Direction_Linear.uexp" 679
"../../../Engine/Plugins/Interchange/Assets/Content/gltf/MaterialFunctions/MF_SpecularAnisotropy.uasset" 680
"../../../Engine/Plugins/Interchange/Assets/Content/gltf/MaterialFunctions/MF_SpecularAnisotropy.uexp" 681
"../../../Engine/Plugins/Interchange/Assets/Content/gltf/Textures/T_White_Linear.uasset" 682
"../../../Engine/Plugins/Interchange/Assets/Content/gltf/Textures/T_White_Linear.uexp" 683
"../../../Engine/Plugins/Interchange/Assets/Content/gltf/MaterialFunctions/MF_MetallicRoughness.uasset" 684
"../../../Engine/Plugins/Interchange/Assets/Content/gltf/MaterialFunctions/MF_MetallicRoughness.uexp" 685
"../../../Engine/Plugins/Interchange/Assets/Content/gltf/Textures/T_Generic_N.uasset" 686
"../../../Engine/Plugins/Interchange/Assets/Content/gltf/Textures/T_Generic_N.uexp" 687
"../../../Engine/Plugins/Interchange/Assets/Content/gltf/MaterialFunctions/MF_ScaleNormal.uasset" 688
"../../../Engine/Plugins/Interchange/Assets/Content/gltf/MaterialFunctions/MF_ScaleNormal.uexp" 689
"../../../Engine/Plugins/Interchange/Assets/Content/gltf/MaterialFunctions/MF_Fresnel_DS.uasset" 690
"../../../Engine/Plugins/Interchange/Assets/Content/gltf/MaterialFunctions/MF_Fresnel_DS.uexp" 691
"../../../Engine/Plugins/Interchange/Assets/Content/gltf/MaterialFunctions/MF_Iridescence.uasset" 692
"../../../Engine/Plugins/Interchange/Assets/Content/gltf/MaterialFunctions/MF_Iridescence.uexp" 693
"../../../Engine/Plugins/Interchange/Assets/Content/gltf/MaterialFunctions/MF_Occlusion.uasset" 694
"../../../Engine/Plugins/Interchange/Assets/Content/gltf/MaterialFunctions/MF_Occlusion.uexp" 695
"../../../Engine/Plugins/Interchange/Assets/Content/gltf/MaterialFunctions/MF_IOR.uasset" 696
"../../../Engine/Plugins/Interchange/Assets/Content/gltf/MaterialFunctions/MF_IOR.uexp" 697
"../../../Engine/Plugins/Interchange/Assets/Content/gltf/MaterialFunctions/MF_Transmission.uasset" 698
"../../../Engine/Plugins/Interchange/Assets/Content/gltf/MaterialFunctions/MF_Transmission.uexp" 699
"../../../Engine/Plugins/Interchange/Assets/Content/gltf/MaterialFunctions/MF_RotateNormals_TS.uasset" 700
"../../../Engine/Plugins/Interchange/Assets/Content/gltf/MaterialFunctions/MF_RotateNormals_TS.uexp" 701
"../../../Engine/Plugins/Interchange/Assets/Content/gltf/MaterialFunctions/MF_Normals.uasset" 702
"../../../Engine/Plugins/Interchange/Assets/Content/gltf/MaterialFunctions/MF_Normals.uexp" 703
"../../../Engine/Plugins/Interchange/Assets/Content/gltf/MaterialBodies/MF_Transmission_Body.uasset" 704
"../../../Engine/Plugins/Interchange/Assets/Content/gltf/MaterialBodies/MF_Transmission_Body.uexp" 705
"../../../Engine/Plugins/Interchange/Assets/Content/gltf/M_Transmission.uasset" 706
"../../../Engine/Plugins/Interchange/Assets/Content/gltf/M_Transmission.uexp" 707
"../../../Engine/Plugins/Interchange/Assets/Content/gltf/MaterialInstances/MI_Transmission_DS.uasset" 708
"../../../Engine/Plugins/Interchange/Assets/Content/gltf/MaterialInstances/MI_Transmission_DS.uexp" 709
"../../../Engine/Plugins/Interchange/Assets/Content/gltf/MaterialInstances/MI_Transmission.uasset" 710
"../../../Engine/Plugins/Interchange/Assets/Content/gltf/MaterialInstances/MI_Transmission.uexp" 711
"../../../Engine/Content/Functions/Engine_MaterialFunctions02/Math/AddComponents.uasset" 712
"../../../Engine/Content/Functions/Engine_MaterialFunctions02/Math/AddComponents.uexp" 713
"../../../Engine/Plugins/Interchange/Assets/Content/gltf/MaterialFunctions/MF_DiffuseSpecGloss.uasset" 714
"../../../Engine/Plugins/Interchange/Assets/Content/gltf/MaterialFunctions/MF_DiffuseSpecGloss.uexp" 715
"../../../Engine/Plugins/Interchange/Assets/Content/gltf/MaterialFunctions/MF_Emissive.uasset" 716
"../../../Engine/Plugins/Interchange/Assets/Content/gltf/MaterialFunctions/MF_Emissive.uexp" 717
"../../../Engine/Plugins/Interchange/Assets/Content/gltf/MaterialFunctions/MF_PerceivedBrightness.uasset" 718
"../../../Engine/Plugins/Interchange/Assets/Content/gltf/MaterialFunctions/MF_PerceivedBrightness.uexp" 719
"../../../Engine/Plugins/Interchange/Assets/Content/gltf/MaterialFunctions/MF_SpecGlossToMetalRoughness.uasset" 720
"../../../Engine/Plugins/Interchange/Assets/Content/gltf/MaterialFunctions/MF_SpecGlossToMetalRoughness.uexp" 721
"../../../Engine/Plugins/Interchange/Assets/Content/gltf/MaterialFunctions/MF_MaxComponentValue.uasset" 722
"../../../Engine/Plugins/Interchange/Assets/Content/gltf/MaterialFunctions/MF_MaxComponentValue.uexp" 723
"../../../Engine/Plugins/Interchange/Assets/Content/gltf/MaterialBodies/MF_SpecularGlossiness_Body.uasset" 724
"../../../Engine/Plugins/Interchange/Assets/Content/gltf/MaterialBodies/MF_SpecularGlossiness_Body.uexp" 725
"../../../Engine/Plugins/Interchange/Assets/Content/gltf/M_SpecularGlossiness.uasset" 726
"../../../Engine/Plugins/Interchange/Assets/Content/gltf/M_SpecularGlossiness.uexp" 727
"../../../Engine/Plugins/Interchange/Assets/Content/gltf/MaterialInstances/MI_SpecularGlossiness_Opaque_DS.uasset" 728
"../../../Engine/Plugins/Interchange/Assets/Content/gltf/MaterialInstances/MI_SpecularGlossiness_Opaque_DS.uexp" 729
"../../../Engine/Plugins/Interchange/Assets/Content/gltf/MaterialInstances/MI_SpecularGlossiness_Opaque.uasset" 730
"../../../Engine/Plugins/Interchange/Assets/Content/gltf/MaterialInstances/MI_SpecularGlossiness_Opaque.uexp" 731
"../../../Engine/Plugins/Interchange/Assets/Content/gltf/MaterialInstances/MI_SpecularGlossiness_Mask_DS.uasset" 732
"../../../Engine/Plugins/Interchange/Assets/Content/gltf/MaterialInstances/MI_SpecularGlossiness_Mask_DS.uexp" 733
"../../../Engine/Plugins/Interchange/Assets/Content/gltf/MaterialInstances/MI_SpecularGlossiness_Mask.uasset" 734
"../../../Engine/Plugins/Interchange/Assets/Content/gltf/MaterialInstances/MI_SpecularGlossiness_Mask.uexp" 735
"../../../Engine/Plugins/Interchange/Assets/Content/gltf/MaterialInstances/MI_SpecularGlossiness_Blend_DS.uasset" 736
"../../../Engine/Plugins/Interchange/Assets/Content/gltf/MaterialInstances/MI_SpecularGlossiness_Blend_DS.uexp" 737
"../../../Engine/Plugins/Interchange/Assets/Content/gltf/MaterialInstances/MI_SpecularGlossiness_Blend.uasset" 738
"../../../Engine/Plugins/Interchange/Assets/Content/gltf/MaterialInstances/MI_SpecularGlossiness_Blend.uexp" 739
"../../../Engine/Plugins/Interchange/Assets/Content/gltf/MaterialFunctions/MF_Sheen.uasset" 740
"../../../Engine/Plugins/Interchange/Assets/Content/gltf/MaterialFunctions/MF_Sheen.uexp" 741
"../../../Engine/Plugins/Interchange/Assets/Content/gltf/MaterialBodies/MF_Sheen_Body.uasset" 742
"../../../Engine/Plugins/Interchange/Assets/Content/gltf/MaterialBodies/MF_Sheen_Body.uexp" 743
"../../../Engine/Plugins/Interchange/Assets/Content/gltf/M_Sheen.uasset" 744
"../../../Engine/Plugins/Interchange/Assets/Content/gltf/M_Sheen.uexp" 745
"../../../Engine/Plugins/Interchange/Assets/Content/gltf/MaterialInstances/MI_Sheen_Opaque_DS.uasset" 746
"../../../Engine/Plugins/Interchange/Assets/Content/gltf/MaterialInstances/MI_Sheen_Opaque_DS.uexp" 747
"../../../Engine/Plugins/Interchange/Assets/Content/gltf/MaterialInstances/MI_Sheen_Opaque.uasset" 748
"../../../Engine/Plugins/Interchange/Assets/Content/gltf/MaterialInstances/MI_Sheen_Opaque.uexp" 749
"../../../Engine/Plugins/Interchange/Assets/Content/gltf/MaterialInstances/MI_Sheen_Mask_DS.uasset" 750
"../../../Engine/Plugins/Interchange/Assets/Content/gltf/MaterialInstances/MI_Sheen_Mask_DS.uexp" 751
"../../../Engine/Plugins/Interchange/Assets/Content/gltf/MaterialInstances/MI_Sheen_Mask.uasset" 752
"../../../Engine/Plugins/Interchange/Assets/Content/gltf/MaterialInstances/MI_Sheen_Mask.uexp" 753
"../../../Engine/Plugins/Interchange/Assets/Content/gltf/MaterialInstances/MI_Sheen_Blend_DS.uasset" 754
"../../../Engine/Plugins/Interchange/Assets/Content/gltf/MaterialInstances/MI_Sheen_Blend_DS.uexp" 755
"../../../Engine/Plugins/Interchange/Assets/Content/gltf/MaterialInstances/MI_Sheen_Blend.uasset" 756
"../../../Engine/Plugins/Interchange/Assets/Content/gltf/MaterialInstances/MI_Sheen_Blend.uexp" 757
"../../../Engine/Plugins/Interchange/Assets/Content/gltf/MaterialBodies/MF_Default_Body.uasset" 758
"../../../Engine/Plugins/Interchange/Assets/Content/gltf/MaterialBodies/MF_Default_Body.uexp" 759
"../../../Engine/Plugins/Interchange/Assets/Content/gltf/M_Default.uasset" 760
"../../../Engine/Plugins/Interchange/Assets/Content/gltf/M_Default.uexp" 761
"../../../Engine/Plugins/Interchange/Assets/Content/gltf/MaterialInstances/MI_Default_Opaque_DS.uasset" 762
"../../../Engine/Plugins/Interchange/Assets/Content/gltf/MaterialInstances/MI_Default_Opaque_DS.uexp" 763
"../../../Engine/Plugins/Interchange/Assets/Content/gltf/MaterialInstances/MI_Default_Opaque.uasset" 764
"../../../Engine/Plugins/Interchange/Assets/Content/gltf/MaterialInstances/MI_Default_Opaque.uexp" 765
"../../../Engine/Plugins/Interchange/Assets/Content/gltf/MaterialInstances/MI_Default_Mask_DS.uasset" 766
"../../../Engine/Plugins/Interchange/Assets/Content/gltf/MaterialInstances/MI_Default_Mask_DS.uexp" 767
"../../../Engine/Plugins/Interchange/Assets/Content/gltf/MaterialInstances/MI_Default_Mask.uasset" 768
"../../../Engine/Plugins/Interchange/Assets/Content/gltf/MaterialInstances/MI_Default_Mask.uexp" 769
"../../../Engine/Plugins/Interchange/Assets/Content/gltf/MaterialInstances/MI_Default_Blend_DS.uasset" 770
"../../../Engine/Plugins/Interchange/Assets/Content/gltf/MaterialInstances/MI_Default_Blend_DS.uexp" 771
"../../../Engine/Plugins/Interchange/Assets/Content/gltf/MaterialInstances/MI_Default_Blend.uasset" 772
"../../../Engine/Plugins/Interchange/Assets/Content/gltf/MaterialInstances/MI_Default_Blend.uexp" 773
"../../../Engine/Content/Functions/Engine_MaterialFunctions01/Texturing/FlattenNormal.uasset" 774
"../../../Engine/Content/Functions/Engine_MaterialFunctions01/Texturing/FlattenNormal.uexp" 775
"../../../Engine/Plugins/Interchange/Assets/Content/gltf/MaterialFunctions/MF_Clearcoat.uasset" 776
"../../../Engine/Plugins/Interchange/Assets/Content/gltf/MaterialFunctions/MF_Clearcoat.uexp" 777
"../../../Engine/Plugins/Interchange/Assets/Content/gltf/MaterialBodies/MF_ClearCoat_Body.uasset" 778
"../../../Engine/Plugins/Interchange/Assets/Content/gltf/MaterialBodies/MF_ClearCoat_Body.uexp" 779
"../../../Engine/Plugins/Interchange/Assets/Content/gltf/M_ClearCoat.uasset" 780
"../../../Engine/Plugins/Interchange/Assets/Content/gltf/M_ClearCoat.uexp" 781
"../../../Engine/Plugins/Interchange/Assets/Content/gltf/MaterialInstances/MI_ClearCoat_Opaque_DS.uasset" 782
"../../../Engine/Plugins/Interchange/Assets/Content/gltf/MaterialInstances/MI_ClearCoat_Opaque_DS.uexp" 783
"../../../Engine/Plugins/Interchange/Assets/Content/gltf/MaterialInstances/MI_ClearCoat_Opaque.uasset" 784
"../../../Engine/Plugins/Interchange/Assets/Content/gltf/MaterialInstances/MI_ClearCoat_Opaque.uexp" 785
"../../../Engine/Plugins/Interchange/Assets/Content/gltf/MaterialInstances/MI_ClearCoat_Mask_DS.uasset" 786
"../../../Engine/Plugins/Interchange/Assets/Content/gltf/MaterialInstances/MI_ClearCoat_Mask_DS.uexp" 787
"../../../Engine/Plugins/Interchange/Assets/Content/gltf/MaterialInstances/MI_ClearCoat_Mask.uasset" 788
"../../../Engine/Plugins/Interchange/Assets/Content/gltf/MaterialInstances/MI_ClearCoat_Mask.uexp" 789
"../../../Engine/Plugins/Interchange/Assets/Content/gltf/MaterialInstances/MI_ClearCoat_Blend_DS.uasset" 790
"../../../Engine/Plugins/Interchange/Assets/Content/gltf/MaterialInstances/MI_ClearCoat_Blend_DS.uexp" 791
"../../../Engine/Plugins/Interchange/Assets/Content/gltf/MaterialInstances/MI_ClearCoat_Blend.uasset" 792
"../../../Engine/Plugins/Interchange/Assets/Content/gltf/MaterialInstances/MI_ClearCoat_Blend.uexp" 793
"../../../Engine/Plugins/Experimental/Water/Content/Materials/WaterInfo/DrawWaterInfo.uasset" 794
"../../../Engine/Plugins/Experimental/Water/Content/Materials/WaterInfo/DrawWaterInfo.uexp" 795
"../../../Engine/Plugins/Experimental/Landmass/Content/Landscape/Meshes/S_SpritePlane.ubulk" 796
"../../../Engine/Plugins/Experimental/Landmass/Content/Landscape/Meshes/S_SpritePlane.uasset" 797
"../../../Engine/Plugins/Experimental/Landmass/Content/Landscape/Meshes/S_SpritePlane.uexp" 798
"../../../Engine/Content/VREditor/TransformGizmo/Main.uasset" 799
"../../../Engine/Content/VREditor/TransformGizmo/Main.uexp" 800
"../../../Engine/Content/VREditor/TransformGizmo/Xray.uasset" 801
"../../../Engine/Content/VREditor/TransformGizmo/Xray.uexp" 802
"../../../Engine/Content/VREditor/TransformGizmo/SM_Sequencer_Node.ubulk" 803
"../../../Engine/Content/VREditor/TransformGizmo/SM_Sequencer_Node.uasset" 804
"../../../Engine/Content/VREditor/TransformGizmo/SM_Sequencer_Node.uexp" 805
"../../../Engine/Content/VREditor/LaserPointer/VR_LaserPower_01.ubulk" 806
"../../../Engine/Content/VREditor/LaserPointer/VR_LaserPower_01.uasset" 807
"../../../Engine/Content/VREditor/LaserPointer/VR_LaserPower_01.uexp" 808
"../../../Engine/Content/VREditor/TransformGizmo/TransformGizmoMaterial.uasset" 809
"../../../Engine/Content/VREditor/TransformGizmo/TransformGizmoMaterial.uexp" 810
"../../../Engine/Content/VREditor/TransformGizmo/TranslucentTransformGizmoMaterial.uasset" 811
"../../../Engine/Content/VREditor/TransformGizmo/TranslucentTransformGizmoMaterial.uexp" 812
"../../../Engine/Content/VREditor/TransformGizmo/BoundingBoxEdge.ubulk" 813
"../../../Engine/Content/VREditor/TransformGizmo/BoundingBoxEdge.uasset" 814
"../../../Engine/Content/VREditor/TransformGizmo/BoundingBoxEdge.uexp" 815
"../../../Engine/Content/VREditor/TransformGizmo/BoundingBoxCorner.ubulk" 816
"../../../Engine/Content/VREditor/TransformGizmo/BoundingBoxCorner.uasset" 817
"../../../Engine/Content/VREditor/TransformGizmo/BoundingBoxCorner.uexp" 818
"../../../Engine/Content/EngineSky/VolumetricClouds/T_CloudMask.ubulk" 819
"../../../Engine/Content/EngineSky/VolumetricClouds/T_CloudMask.uasset" 820
"../../../Engine/Content/EngineSky/VolumetricClouds/T_CloudMask.uexp" 821
"../../../Engine/Content/EngineSky/VolumetricClouds/VT_Lightning.uasset" 822
"../../../Engine/Content/EngineSky/VolumetricClouds/VT_Lightning.uexp" 823
"../../../Engine/Content/EngineSky/VolumetricClouds/T_Profile_08.ubulk" 824
"../../../Engine/Content/EngineSky/VolumetricClouds/T_Profile_08.uasset" 825
"../../../Engine/Content/EngineSky/VolumetricClouds/T_Profile_08.uexp" 826
"../../../Engine/Content/Functions/Engine_MaterialFunctions02/Utility/MakeFloat4.uasset" 827
"../../../Engine/Content/Functions/Engine_MaterialFunctions02/Utility/MakeFloat4.uexp" 828
"../../../Engine/Content/Functions/Engine_MaterialFunctions01/Units/Km-to-Cm.uasset" 829
"../../../Engine/Content/Functions/Engine_MaterialFunctions01/Units/Km-to-Cm.uexp" 830
"../../../Engine/Content/Functions/Engine_MaterialFunctions02/Utility/BreakOutFloat4Components.uasset" 831
"../../../Engine/Content/Functions/Engine_MaterialFunctions02/Utility/BreakOutFloat4Components.uexp" 832
"../../../Engine/Content/EngineSky/VolumetricClouds/T_CloudPattern.ubulk" 833
"../../../Engine/Content/EngineSky/VolumetricClouds/T_CloudPattern.uasset" 834
"../../../Engine/Content/EngineSky/VolumetricClouds/T_CloudPattern.uexp" 835
"../../../Engine/Content/EngineSky/VolumetricClouds/VT_PerlinWorley_Balanced.uasset" 836
"../../../Engine/Content/EngineSky/VolumetricClouds/VT_PerlinWorley_Balanced.uexp" 837
"../../../Engine/Content/EngineSky/VolumetricClouds/m_SimpleVolumetricCloud.uasset" 838
"../../../Engine/Content/EngineSky/VolumetricClouds/m_SimpleVolumetricCloud.uexp" 839
"../../../Engine/Content/EngineSky/VolumetricClouds/m_SimpleVolumetricCloud_Inst.uasset" 840
"../../../Engine/Content/EngineSky/VolumetricClouds/m_SimpleVolumetricCloud_Inst.uexp" 841
"../../../Engine/Content/EditorMaterials/Camera/CineMat.uasset" 842
"../../../Engine/Content/EditorMaterials/Camera/CineMat.uexp" 843
"../../../Engine/Content/EditorMaterials/Camera/MI_CineMat_Rig.uasset" 844
"../../../Engine/Content/EditorMaterials/Camera/MI_CineMat_Rig.uexp" 845
"../../../Engine/Content/EditorMeshes/Camera/SM_RailRig_Track.ubulk" 846
"../../../Engine/Content/EditorMeshes/Camera/SM_RailRig_Track.uasset" 847
"../../../Engine/Content/EditorMeshes/Camera/SM_RailRig_Track.uexp" 848
"../../../Engine/Content/EditorMeshes/Camera/SM_RailRig_Mount.ubulk" 849
"../../../Engine/Content/EditorMeshes/Camera/SM_RailRig_Mount.uasset" 850
"../../../Engine/Content/EditorMeshes/Camera/SM_RailRig_Mount.uexp" 851
"../../../Engine/Content/EditorMeshes/Camera/SM_CraneRig_Mount.ubulk" 852
"../../../Engine/Content/EditorMeshes/Camera/SM_CraneRig_Mount.uasset" 853
"../../../Engine/Content/EditorMeshes/Camera/SM_CraneRig_Mount.uexp" 854
"../../../Engine/Content/EditorMeshes/Camera/SM_CraneRig_Body.ubulk" 855
"../../../Engine/Content/EditorMeshes/Camera/SM_CraneRig_Body.uasset" 856
"../../../Engine/Content/EditorMeshes/Camera/SM_CraneRig_Body.uexp" 857
"../../../Engine/Content/EditorMeshes/Camera/SM_CraneRig_Base.ubulk" 858
"../../../Engine/Content/EditorMeshes/Camera/SM_CraneRig_Base.uasset" 859
"../../../Engine/Content/EditorMeshes/Camera/SM_CraneRig_Base.uexp" 860
"../../../Engine/Content/EditorMeshes/Camera/SM_CraneRig_Arm.ubulk" 861
"../../../Engine/Content/EditorMeshes/Camera/SM_CraneRig_Arm.uasset" 862
"../../../Engine/Content/EditorMeshes/Camera/SM_CraneRig_Arm.uexp" 863
"../../../Engine/Content/EditorMaterials/Dataflow/DataflowVertexMaterial.uasset" 864
"../../../Engine/Content/EditorMaterials/Dataflow/DataflowVertexMaterial.uexp" 865
"../../../Engine/Content/EditorMaterials/Dataflow/DataflowTwoSidedVertexMaterial.uasset" 866
"../../../Engine/Content/EditorMaterials/Dataflow/DataflowTwoSidedVertexMaterial.uexp" 867
"../../../Engine/Content/Functions/Engine_MaterialFunctions01/Shading/PowerToRoughness.uasset" 868
"../../../Engine/Content/Functions/Engine_MaterialFunctions01/Shading/PowerToRoughness.uexp" 869
"../../../Engine/Content/Functions/Engine_MaterialFunctions01/Shading/ConvertFromDiffSpec.uasset" 870
"../../../Engine/Content/Functions/Engine_MaterialFunctions01/Shading/ConvertFromDiffSpec.uexp" 871
"../../../Engine/Content/EngineMaterials/Substrate/Volume/SubstrateSimpleVolumeLUT3D.uasset" 872
"../../../Engine/Content/EngineMaterials/Substrate/Volume/SubstrateSimpleVolumeLUT3D.uexp" 873
"../../../Engine/Content/EngineMaterials/Substrate/Volume/SubstrateSimpleVolumeEnvLUT3D.uasset" 874
"../../../Engine/Content/EngineMaterials/Substrate/Volume/SubstrateSimpleVolumeEnvLUT3D.uexp" 875
"../../../Engine/Content/EngineMaterials/Substrate/GLints2/AGlintTex2dArray2.uasset" 876
"../../../Engine/Content/EngineMaterials/Substrate/GLints2/AGlintTex2dArray2.uexp" 877
"../../../Engine/Content/EngineMaterials/Substrate/GLints/AGlintTex2dArray.uasset" 878
"../../../Engine/Content/EngineMaterials/Substrate/GLints/AGlintTex2dArray.uexp" 879
"../../../Engine/Content/ArtTools/RenderToTexture/Meshes/S_1_Unit_Plane.ubulk" 880
"../../../Engine/Content/ArtTools/RenderToTexture/Meshes/S_1_Unit_Plane.uasset" 881
"../../../Engine/Content/ArtTools/RenderToTexture/Meshes/S_1_Unit_Plane.uexp" 882
"../../../Engine/Content/EditorResources/S_Terrain.ubulk" 883
"../../../Engine/Content/EditorResources/S_Terrain.uasset" 884
"../../../Engine/Content/EditorResources/S_Terrain.uexp" 885
"../../../Engine/Content/Functions/Engine_MaterialFunctions02/WorldPositionOffset/V2/ObjectScale.uasset" 886
"../../../Engine/Content/Functions/Engine_MaterialFunctions02/WorldPositionOffset/V2/ObjectScale.uexp" 887
"../../../Engine/Content/Functions/Engine_MaterialFunctions02/WorldPositionOffset/ComponentPivotLocation.uasset" 888
"../../../Engine/Content/Functions/Engine_MaterialFunctions02/WorldPositionOffset/ComponentPivotLocation.uexp" 889
"../../../Engine/Content/Functions/Engine_MaterialFunctions02/WorldPositionOffset/Sprite.uasset" 890
"../../../Engine/Content/Functions/Engine_MaterialFunctions02/WorldPositionOffset/Sprite.uexp" 891
"../../../Engine/Plugins/Experimental/Landmass/Content/Landscape/BlueprintBrushes/Materials/Sprite/M_BrushSprite_01.uasset" 892
"../../../Engine/Plugins/Experimental/Landmass/Content/Landscape/BlueprintBrushes/Materials/Sprite/M_BrushSprite_01.uexp" 893
"../../../Engine/Plugins/Experimental/Landmass/Content/Landscape/BlueprintBrushes/MPC/MPC_Landscape.uasset" 894
"../../../Engine/Plugins/Experimental/Landmass/Content/Landscape/BlueprintBrushes/MPC/MPC_Landscape.uexp" 895
"../../../Engine/Plugins/Experimental/Landmass/Content/Landscape/BlueprintBrushes/MF/LandmassBrush_UVs.uasset" 896
"../../../Engine/Plugins/Experimental/Landmass/Content/Landscape/BlueprintBrushes/MF/LandmassBrush_UVs.uexp" 897
"../../../Engine/Plugins/Experimental/Landmass/Content/Landscape/BlueprintBrushes/MF/LandmassBrush_EdgeFalloff.uasset" 898
"../../../Engine/Plugins/Experimental/Landmass/Content/Landscape/BlueprintBrushes/MF/LandmassBrush_EdgeFalloff.uexp" 899
"../../../Engine/Content/EngineMaterials/BlendFunc_DefBlend.uasset" 900
"../../../Engine/Content/EngineMaterials/BlendFunc_DefBlend.uexp" 901
"../../../Engine/Plugins/Experimental/Landmass/Content/Landscape/BlueprintBrushes/MF/PointSampleLandscapeUVs.uasset" 902
"../../../Engine/Plugins/Experimental/Landmass/Content/Landscape/BlueprintBrushes/MF/PointSampleLandscapeUVs.uexp" 903
"../../../Engine/Content/EngineMaterials/BlendFunc_DefBase.uasset" 904
"../../../Engine/Content/EngineMaterials/BlendFunc_DefBase.uexp" 905
"../../../Engine/Content/Functions/Engine_MaterialFunctions03/Blends/Blend_Screen.uasset" 906
"../../../Engine/Content/Functions/Engine_MaterialFunctions03/Blends/Blend_Screen.uexp" 907
"../../../Engine/Content/Functions/Engine_MaterialFunctions03/Procedurals/ComputeFilterWidth.uasset" 908
"../../../Engine/Content/Functions/Engine_MaterialFunctions03/Procedurals/ComputeFilterWidth.uexp" 909
"../../../Engine/Content/EditorMaterials/TilingAALineIntegral.uasset" 910
"../../../Engine/Content/EditorMaterials/TilingAALineIntegral.uexp" 911
"../../../Engine/Content/EditorMaterials/TilingAALineBoxFiltered.uasset" 912
"../../../Engine/Content/EditorMaterials/TilingAALineBoxFiltered.uexp" 913
"../../../Engine/Content/EditorMaterials/TilingAAGrid.uasset" 914
"../../../Engine/Content/EditorMaterials/TilingAAGrid.uexp" 915
"../../../Engine/Plugins/Experimental/Landmass/Content/Landscape/OldPrototype_BP/Mats/MF/UnpackRG8Height.uasset" 916
"../../../Engine/Plugins/Experimental/Landmass/Content/Landscape/OldPrototype_BP/Mats/MF/UnpackRG8Height.uexp" 917
"../../../Engine/Plugins/Experimental/Landmass/Content/Landscape/BlueprintBrushes/MF/Landmass_BrushTilt.uasset" 918
"../../../Engine/Plugins/Experimental/Landmass/Content/Landscape/BlueprintBrushes/MF/Landmass_BrushTilt.uexp" 919
"../../../Engine/Content/ArtTools/RenderToTexture/Textures/T_EV_BlankWhite_01.uasset" 920
"../../../Engine/Content/ArtTools/RenderToTexture/Textures/T_EV_BlankWhite_01.uexp" 921
"../../../Engine/Content/Functions/Engine_MaterialFunctions01/ImageAdjustment/SCurve.uasset" 922
"../../../Engine/Content/Functions/Engine_MaterialFunctions01/ImageAdjustment/SCurve.uexp" 923
"../../../Engine/Content/EngineResources/Black_Low.uasset" 924
"../../../Engine/Content/EngineResources/Black_Low.uexp" 925
"../../../Engine/Plugins/Experimental/Landmass/Content/Landscape/BlueprintBrushes/MF/LandmassBrush_Noise.uasset" 926
"../../../Engine/Plugins/Experimental/Landmass/Content/Landscape/BlueprintBrushes/MF/LandmassBrush_Noise.uexp" 927
"../../../Engine/Plugins/Experimental/Landmass/Content/Landscape/BlueprintBrushes/Materials/BrushMaterials/BasicFunctions/LandmassBrush_ShapeMask.uasset" 928
"../../../Engine/Plugins/Experimental/Landmass/Content/Landscape/BlueprintBrushes/Materials/BrushMaterials/BasicFunctions/LandmassBrush_ShapeMask.uexp" 929
"../../../Engine/Plugins/Experimental/Landmass/Content/Landscape/BlueprintBrushes/Materials/Internal/BrushBounds.uasset" 930
"../../../Engine/Plugins/Experimental/Landmass/Content/Landscape/BlueprintBrushes/Materials/Internal/BrushBounds.uexp" 931
"../../../Engine/Plugins/NNE/NNEDenoiser/Content/NNE_oidn2-3-0_rt_hdr_calb_cnrm_large__dyn__fp16_opset11_ForwardAlpha.uasset" 932
"../../../Engine/Plugins/NNE/NNEDenoiser/Content/NNE_oidn2-3-0_rt_hdr_calb_cnrm_large__dyn__fp16_opset11_ForwardAlpha.uexp" 933
"../../../Engine/Plugins/NNE/NNEDenoiser/Content/NNE_oidn2-3-0_rt_hdr_calb_cnrm_large__dyn__fp16_opset11_DenoiseAlpha.uasset" 934
"../../../Engine/Plugins/NNE/NNEDenoiser/Content/NNE_oidn2-3-0_rt_hdr_calb_cnrm_large__dyn__fp16_opset11_DenoiseAlpha.uexp" 935
"../../../Engine/Plugins/NNE/NNEDenoiser/Content/NNE_oidn2-3-0_rt_hdr_alb_nrm__dyn__fp16_opset11_ForwardAlpha.uasset" 936
"../../../Engine/Plugins/NNE/NNEDenoiser/Content/NNE_oidn2-3-0_rt_hdr_alb_nrm__dyn__fp16_opset11_ForwardAlpha.uexp" 937
"../../../Engine/Plugins/NNE/NNEDenoiser/Content/NNE_oidn2-3-0_rt_hdr_alb_nrm__dyn__fp16_opset11_DenoiseAlpha.uasset" 938
"../../../Engine/Plugins/NNE/NNEDenoiser/Content/NNE_oidn2-3-0_rt_hdr_alb_nrm__dyn__fp16_opset11_DenoiseAlpha.uexp" 939
"../../../Engine/Plugins/NNE/NNEDenoiser/Content/NNE_oidn2-3-0_rt_hdr_alb_nrm_small__dyn__fp16_opset11_ForwardAlpha.uasset" 940
"../../../Engine/Plugins/NNE/NNEDenoiser/Content/NNE_oidn2-3-0_rt_hdr_alb_nrm_small__dyn__fp16_opset11_ForwardAlpha.uexp" 941
"../../../Engine/Plugins/NNE/NNEDenoiser/Content/NNE_oidn2-3-0_rt_hdr_alb_nrm_small__dyn__fp16_opset11_DenoiseAlpha.uasset" 942
"../../../Engine/Plugins/NNE/NNEDenoiser/Content/NNE_oidn2-3-0_rt_hdr_alb_nrm_small__dyn__fp16_opset11_DenoiseAlpha.uexp" 943
"../../../Engine/Plugins/NNE/NNEDenoiser/Content/NNED_Oidn2-3_HighQuality_Alpha.uasset" 944
"../../../Engine/Plugins/NNE/NNEDenoiser/Content/NNED_Oidn2-3_HighQuality_Alpha.uexp" 945
"../../../Engine/Plugins/NNE/NNEDenoiser/Content/NNED_Oidn2-3_HighQuality.uasset" 946
"../../../Engine/Plugins/NNE/NNEDenoiser/Content/NNED_Oidn2-3_HighQuality.uexp" 947
"../../../Engine/Plugins/NNE/NNEDenoiser/Content/NNED_Oidn2-3_Fast_Alpha.uasset" 948
"../../../Engine/Plugins/NNE/NNEDenoiser/Content/NNED_Oidn2-3_Fast_Alpha.uexp" 949
"../../../Engine/Plugins/NNE/NNEDenoiser/Content/NNED_Oidn2-3_Fast.uasset" 950
"../../../Engine/Plugins/NNE/NNEDenoiser/Content/NNED_Oidn2-3_Fast.uexp" 951
"../../../Engine/Plugins/NNE/NNEDenoiser/Content/NNED_Oidn2-3_Balanced_Alpha.uasset" 952
"../../../Engine/Plugins/NNE/NNEDenoiser/Content/NNED_Oidn2-3_Balanced_Alpha.uexp" 953
"../../../Engine/Plugins/NNE/NNEDenoiser/Content/NNED_Oidn2-3_Balanced.uasset" 954
"../../../Engine/Plugins/NNE/NNEDenoiser/Content/NNED_Oidn2-3_Balanced.uexp" 955
"../../../Engine/Plugins/NNE/NNEDenoiser/Content/NNEDT_Oidn2-3_Balanced_Alpha.uasset" 956
"../../../Engine/Plugins/NNE/NNEDenoiser/Content/NNEDT_Oidn2-3_Balanced_Alpha.uexp" 957
"../../../Engine/Plugins/NNE/NNEDenoiser/Content/NNEDT_Oidn2-3_Balanced.uasset" 958
"../../../Engine/Plugins/NNE/NNEDenoiser/Content/NNEDT_Oidn2-3_Balanced.uexp" 959
"../../../Engine/Content/VREditor/TransformGizmo/StartRotationHandleIndicator.ubulk" 960
"../../../Engine/Content/VREditor/TransformGizmo/StartRotationHandleIndicator.uasset" 961
"../../../Engine/Content/VREditor/TransformGizmo/StartRotationHandleIndicator.uexp" 962
"../../../Engine/Content/VREditor/Sounds/UI/Drop_Item_From_ContentBrowser.ubulk" 963
"../../../Engine/Content/VREditor/Sounds/UI/Drop_Item_From_ContentBrowser.uasset" 964
"../../../Engine/Content/VREditor/Sounds/UI/Drop_Item_From_ContentBrowser.uexp" 965
"../../../Engine/Content/VREditor/TransformGizmo/PlaneTranslationHandle.ubulk" 966
"../../../Engine/Content/VREditor/TransformGizmo/PlaneTranslationHandle.uasset" 967
"../../../Engine/Content/VREditor/TransformGizmo/PlaneTranslationHandle.uexp" 968
"../../../Engine/Content/VREditor/Sounds/UI/Object_Snaps_To_Grid.ubulk" 969
"../../../Engine/Content/VREditor/Sounds/UI/Object_Snaps_To_Grid.uasset" 970
"../../../Engine/Content/VREditor/Sounds/UI/Object_Snaps_To_Grid.uexp" 971
"../../../Engine/Content/VREditor/Sounds/UI/Selection_Changes.ubulk" 972
"../../../Engine/Content/VREditor/Sounds/UI/Selection_Changes.uasset" 973
"../../../Engine/Content/VREditor/Sounds/UI/Selection_Changes.uexp" 974
"../../../Engine/Content/VREditor/Sounds/UI/Object_Snaps_To_Another_Actor.ubulk" 975
"../../../Engine/Content/VREditor/Sounds/UI/Object_Snaps_To_Another_Actor.uasset" 976
"../../../Engine/Content/VREditor/Sounds/UI/Object_Snaps_To_Another_Actor.uexp" 977
"../../../Engine/Content/VREditor/TransformGizmo/TranslucentTransformGizmoMaterial_Inst.uasset" 978
"../../../Engine/Content/VREditor/TransformGizmo/TranslucentTransformGizmoMaterial_Inst.uexp" 979
"../../../Engine/Content/VREditor/TransformGizmo/TransformGizmoFreeRotation.ubulk" 980
"../../../Engine/Content/VREditor/TransformGizmo/TransformGizmoFreeRotation.uasset" 981
"../../../Engine/Content/VREditor/TransformGizmo/TransformGizmoFreeRotation.uexp" 982
"../../../Engine/Content/VREditor/Sounds/UI/Scaling_Down.ubulk" 983
"../../../Engine/Content/VREditor/Sounds/UI/Scaling_Down.uasset" 984
"../../../Engine/Content/VREditor/Sounds/UI/Scaling_Down.uexp" 985
"../../../Engine/Content/Functions/Engine_MaterialFunctions02/SplitComponents.uasset" 986
"../../../Engine/Content/Functions/Engine_MaterialFunctions02/SplitComponents.uexp" 987
"../../../Engine/Content/VREditor/SnapGrid/SnapGridMaterial.uasset" 988
"../../../Engine/Content/VREditor/SnapGrid/SnapGridMaterial.uexp" 989
"../../../Engine/Content/VREditor/SnapGrid/SnapGridPlaneMesh.ubulk" 990
"../../../Engine/Content/VREditor/SnapGrid/SnapGridPlaneMesh.uasset" 991
"../../../Engine/Content/VREditor/SnapGrid/SnapGridPlaneMesh.uexp" 992
"../../../Engine/Content/VREditor/Sounds/UI/Scaling_Up.ubulk" 993
"../../../Engine/Content/VREditor/Sounds/UI/Scaling_Up.uasset" 994
"../../../Engine/Content/VREditor/Sounds/UI/Scaling_Up.uexp" 995
"../../../Engine/Content/VREditor/TransformGizmo/TransformGizmoMaterial_Inst.uasset" 996
"../../../Engine/Content/VREditor/TransformGizmo/TransformGizmoMaterial_Inst.uexp" 997
"../../../Engine/Content/VREditor/Sounds/UI/Gizmo_Handle_Clicked.ubulk" 998
"../../../Engine/Content/VREditor/Sounds/UI/Gizmo_Handle_Clicked.uasset" 999
"../../../Engine/Content/VREditor/Sounds/UI/Gizmo_Handle_Clicked.uexp" 1000
"../../../Engine/Content/VREditor/TransformGizmo/RotationHandleQuarter.ubulk" 1001
"../../../Engine/Content/VREditor/TransformGizmo/RotationHandleQuarter.uasset" 1002
"../../../Engine/Content/VREditor/TransformGizmo/RotationHandleQuarter.uexp" 1003
"../../../Engine/Content/VREditor/TransformGizmo/TranslateArrowHandle.ubulk" 1004
"../../../Engine/Content/VREditor/TransformGizmo/TranslateArrowHandle.uasset" 1005
"../../../Engine/Content/VREditor/TransformGizmo/TranslateArrowHandle.uexp" 1006
"../../../Engine/Content/VREditor/TransformGizmo/RotationHandleIndicator.ubulk" 1007
"../../../Engine/Content/VREditor/TransformGizmo/RotationHandleIndicator.uasset" 1008
"../../../Engine/Content/VREditor/TransformGizmo/RotationHandleIndicator.uexp" 1009
"../../../Engine/Content/VREditor/TransformGizmo/UniformScaleHandle.ubulk" 1010
"../../../Engine/Content/VREditor/TransformGizmo/UniformScaleHandle.uasset" 1011
"../../../Engine/Content/VREditor/TransformGizmo/UniformScaleHandle.uexp" 1012
"../../../Engine/Content/VREditor/TransformGizmo/RotationHandleFull.ubulk" 1013
"../../../Engine/Content/VREditor/TransformGizmo/RotationHandleFull.uasset" 1014
"../../../Engine/Content/VREditor/TransformGizmo/RotationHandleFull.uexp" 1015
"../../../Engine/Content/VREditor/Sounds/UI/Object_PickUp.ubulk" 1016
"../../../Engine/Content/VREditor/Sounds/UI/Object_PickUp.uasset" 1017
"../../../Engine/Content/VREditor/Sounds/UI/Object_PickUp.uexp" 1018
"../../../Engine/Content/EngineResources/LandscapeVisibilityLayerInfo.uasset" 1019
"../../../Engine/Content/EngineResources/LandscapeVisibilityLayerInfo.uexp" 1020
"../../../Engine/Plugins/Animation/DeformerGraph/Content/Deformers/DG_LinearBlendSkin_Morph_Cloth_RecomputeNormals.uasset" 1021
"../../../Engine/Plugins/Animation/DeformerGraph/Content/Deformers/DG_LinearBlendSkin_Morph_Cloth_RecomputeNormals.uexp" 1022
"../../../Engine/Plugins/Animation/DeformerGraph/Content/Deformers/DG_LinearBlendSkin_Morph_Cloth.uasset" 1023
"../../../Engine/Plugins/Animation/DeformerGraph/Content/Deformers/DG_LinearBlendSkin_Morph_Cloth.uexp" 1024
"../../../Engine/Plugins/Animation/DeformerGraph/Content/DeformerFunctions/DG_Function_LinearBlendSkin_Morph_Cloth_PositionOnly.uasset" 1025
"../../../Engine/Plugins/Animation/DeformerGraph/Content/DeformerFunctions/DG_Function_LinearBlendSkin_Morph_Cloth_PositionOnly.uexp" 1026
"../../../Engine/Plugins/Animation/DeformerGraph/Content/DeformerFunctions/DG_Function_LinearBlendSkin_Morph_Cloth.uasset" 1027
"../../../Engine/Plugins/Animation/DeformerGraph/Content/DeformerFunctions/DG_Function_LinearBlendSkin_Morph_Cloth.uexp" 1028
"../../../Engine/Plugins/Animation/DeformerGraph/Content/DeformerFunctions/DG_Function_ComputeNormalsTangents.uasset" 1029
"../../../Engine/Plugins/Animation/DeformerGraph/Content/DeformerFunctions/DG_Function_ComputeNormalsTangents.uexp" 1030
"C:/Users/Lu1sR/Documents/UnrealProjects/Death-Of-Will/TheDeathOfWill/Content/Models/BlobMonster/IK_AutoGeneratedTarget.uasset" 1031
"C:/Users/Lu1sR/Documents/UnrealProjects/Death-Of-Will/TheDeathOfWill/Content/Models/BlobMonster/IK_AutoGeneratedTarget.uexp" 1032
"C:/Users/Lu1sR/Documents/UnrealProjects/Death-Of-Will/TheDeathOfWill/Content/Models/BlobMonster/IK_AutoGeneratedSource.uasset" 1033
"C:/Users/Lu1sR/Documents/UnrealProjects/Death-Of-Will/TheDeathOfWill/Content/Models/BlobMonster/IK_AutoGeneratedSource.uexp" 1034
"C:/Users/Lu1sR/Documents/UnrealProjects/Death-Of-Will/TheDeathOfWill/Content/Characters/Mannequins/Meshes/SK_Mannequin.uasset" 1035
"C:/Users/Lu1sR/Documents/UnrealProjects/Death-Of-Will/TheDeathOfWill/Content/Characters/Mannequins/Meshes/SK_Mannequin.uexp" 1036
"C:/Users/Lu1sR/Documents/UnrealProjects/Death-Of-Will/TheDeathOfWill/Content/Characters/Mannequins/Textures/Quinn/T_Quinn_02ID_MSR_MSK.ubulk" 1037
"C:/Users/Lu1sR/Documents/UnrealProjects/Death-Of-Will/TheDeathOfWill/Content/Characters/Mannequins/Textures/Quinn/T_Quinn_02ID_MSR_MSK.uasset" 1038
"C:/Users/Lu1sR/Documents/UnrealProjects/Death-Of-Will/TheDeathOfWill/Content/Characters/Mannequins/Textures/Quinn/T_Quinn_02ID_MSR_MSK.uexp" 1039
"C:/Users/Lu1sR/Documents/UnrealProjects/Death-Of-Will/TheDeathOfWill/Content/Characters/Mannequins/Textures/Quinn/T_Quinn_02ID_BN.ubulk" 1040
"C:/Users/Lu1sR/Documents/UnrealProjects/Death-Of-Will/TheDeathOfWill/Content/Characters/Mannequins/Textures/Quinn/T_Quinn_02ID_BN.uasset" 1041
"C:/Users/Lu1sR/Documents/UnrealProjects/Death-Of-Will/TheDeathOfWill/Content/Characters/Mannequins/Textures/Quinn/T_Quinn_02ID_BN.uexp" 1042
"C:/Users/Lu1sR/Documents/UnrealProjects/Death-Of-Will/TheDeathOfWill/Content/Characters/Mannequins/Textures/Quinn/T_Quinn_02_ASAOMASK_MSK.ubulk" 1043
"C:/Users/Lu1sR/Documents/UnrealProjects/Death-Of-Will/TheDeathOfWill/Content/Characters/Mannequins/Textures/Quinn/T_Quinn_02_ASAOMASK_MSK.uasset" 1044
"C:/Users/Lu1sR/Documents/UnrealProjects/Death-Of-Will/TheDeathOfWill/Content/Characters/Mannequins/Textures/Quinn/T_Quinn_02_ASAOMASK_MSK.uexp" 1045
"C:/Users/Lu1sR/Documents/UnrealProjects/Death-Of-Will/TheDeathOfWill/Content/Characters/Mannequins/Textures/Quinn/T_Quinn_02_CCRCCPlastic_MSK.ubulk" 1046
"C:/Users/Lu1sR/Documents/UnrealProjects/Death-Of-Will/TheDeathOfWill/Content/Characters/Mannequins/Textures/Quinn/T_Quinn_02_CCRCCPlastic_MSK.uasset" 1047
"C:/Users/Lu1sR/Documents/UnrealProjects/Death-Of-Will/TheDeathOfWill/Content/Characters/Mannequins/Textures/Quinn/T_Quinn_02_CCRCCPlastic_MSK.uexp" 1048
"C:/Users/Lu1sR/Documents/UnrealProjects/Death-Of-Will/TheDeathOfWill/Content/Characters/Mannequins/Textures/Quinn/T_Quinn_02ID_Tan.ubulk" 1049
"C:/Users/Lu1sR/Documents/UnrealProjects/Death-Of-Will/TheDeathOfWill/Content/Characters/Mannequins/Textures/Quinn/T_Quinn_02ID_Tan.uasset" 1050
"C:/Users/Lu1sR/Documents/UnrealProjects/Death-Of-Will/TheDeathOfWill/Content/Characters/Mannequins/Textures/Quinn/T_Quinn_02ID_Tan.uexp" 1051
"C:/Users/Lu1sR/Documents/UnrealProjects/Death-Of-Will/TheDeathOfWill/Content/Characters/Mannequins/Textures/Quinn/T_Quinn_02ID_D.ubulk" 1052
"C:/Users/Lu1sR/Documents/UnrealProjects/Death-Of-Will/TheDeathOfWill/Content/Characters/Mannequins/Textures/Quinn/T_Quinn_02ID_D.uasset" 1053
"C:/Users/Lu1sR/Documents/UnrealProjects/Death-Of-Will/TheDeathOfWill/Content/Characters/Mannequins/Textures/Quinn/T_Quinn_02ID_D.uexp" 1054
"C:/Users/Lu1sR/Documents/UnrealProjects/Death-Of-Will/TheDeathOfWill/Content/Characters/Mannequins/Textures/Quinn/T_Quinn_01ID_MSR_MSK.ubulk" 1055
"C:/Users/Lu1sR/Documents/UnrealProjects/Death-Of-Will/TheDeathOfWill/Content/Characters/Mannequins/Textures/Quinn/T_Quinn_01ID_MSR_MSK.uasset" 1056
"C:/Users/Lu1sR/Documents/UnrealProjects/Death-Of-Will/TheDeathOfWill/Content/Characters/Mannequins/Textures/Quinn/T_Quinn_01ID_MSR_MSK.uexp" 1057
"C:/Users/Lu1sR/Documents/UnrealProjects/Death-Of-Will/TheDeathOfWill/Content/Characters/Mannequins/Materials/Functions/ChromaticCurve.uasset" 1058
"C:/Users/Lu1sR/Documents/UnrealProjects/Death-Of-Will/TheDeathOfWill/Content/Characters/Mannequins/Materials/Functions/ChromaticCurve.uexp" 1059
"C:/Users/Lu1sR/Documents/UnrealProjects/Death-Of-Will/TheDeathOfWill/Content/Characters/Mannequins/Materials/Functions/CA_Mannequin.uasset" 1060
"C:/Users/Lu1sR/Documents/UnrealProjects/Death-Of-Will/TheDeathOfWill/Content/Characters/Mannequins/Materials/Functions/CA_Mannequin.uexp" 1061
"C:/Users/Lu1sR/Documents/UnrealProjects/Death-Of-Will/TheDeathOfWill/Content/Characters/Mannequins/Materials/Functions/MF_Diffraction.uasset" 1062
"C:/Users/Lu1sR/Documents/UnrealProjects/Death-Of-Will/TheDeathOfWill/Content/Characters/Mannequins/Materials/Functions/MF_Diffraction.uexp" 1063
"C:/Users/Lu1sR/Documents/UnrealProjects/Death-Of-Will/TheDeathOfWill/Content/Characters/Mannequins/Textures/Manny/T_Manny_01_N.ubulk" 1064
"C:/Users/Lu1sR/Documents/UnrealProjects/Death-Of-Will/TheDeathOfWill/Content/Characters/Mannequins/Textures/Manny/T_Manny_01_N.uasset" 1065
"C:/Users/Lu1sR/Documents/UnrealProjects/Death-Of-Will/TheDeathOfWill/Content/Characters/Mannequins/Textures/Manny/T_Manny_01_N.uexp" 1066
"C:/Users/Lu1sR/Documents/UnrealProjects/Death-Of-Will/TheDeathOfWill/Content/Characters/Mannequins/Materials/Functions/ML_BaseColorFallOff.uasset" 1067
"C:/Users/Lu1sR/Documents/UnrealProjects/Death-Of-Will/TheDeathOfWill/Content/Characters/Mannequins/Materials/Functions/ML_BaseColorFallOff.uexp" 1068
"C:/Users/Lu1sR/Documents/UnrealProjects/Death-Of-Will/TheDeathOfWill/Content/Characters/Mannequins/Textures/Shared/T_UE_Logo_M.uasset" 1069
"C:/Users/Lu1sR/Documents/UnrealProjects/Death-Of-Will/TheDeathOfWill/Content/Characters/Mannequins/Textures/Shared/T_UE_Logo_M.uexp" 1070
"C:/Users/Lu1sR/Documents/UnrealProjects/Death-Of-Will/TheDeathOfWill/Content/Characters/Mannequins/Materials/Functions/MF_logo3layers.uasset" 1071
"C:/Users/Lu1sR/Documents/UnrealProjects/Death-Of-Will/TheDeathOfWill/Content/Characters/Mannequins/Materials/Functions/MF_logo3layers.uexp" 1072
"C:/Users/Lu1sR/Documents/UnrealProjects/Death-Of-Will/TheDeathOfWill/Content/Characters/Mannequins/Textures/Manny/T_Manny_01_CCRCCPlastic_MSK.ubulk" 1073
"C:/Users/Lu1sR/Documents/UnrealProjects/Death-Of-Will/TheDeathOfWill/Content/Characters/Mannequins/Textures/Manny/T_Manny_01_CCRCCPlastic_MSK.uasset" 1074
"C:/Users/Lu1sR/Documents/UnrealProjects/Death-Of-Will/TheDeathOfWill/Content/Characters/Mannequins/Textures/Manny/T_Manny_01_CCRCCPlastic_MSK.uexp" 1075
"C:/Users/Lu1sR/Documents/UnrealProjects/Death-Of-Will/TheDeathOfWill/Content/Characters/Mannequins/Textures/Manny/T_Manny_01_ASAOPMASK_MSK.ubulk" 1076
"C:/Users/Lu1sR/Documents/UnrealProjects/Death-Of-Will/TheDeathOfWill/Content/Characters/Mannequins/Textures/Manny/T_Manny_01_ASAOPMASK_MSK.uasset" 1077
"C:/Users/Lu1sR/Documents/UnrealProjects/Death-Of-Will/TheDeathOfWill/Content/Characters/Mannequins/Textures/Manny/T_Manny_01_ASAOPMASK_MSK.uexp" 1078
"C:/Users/Lu1sR/Documents/UnrealProjects/Death-Of-Will/TheDeathOfWill/Content/Characters/Mannequins/Textures/Manny/T_Manny_01_MSR_MSK.ubulk" 1079
"C:/Users/Lu1sR/Documents/UnrealProjects/Death-Of-Will/TheDeathOfWill/Content/Characters/Mannequins/Textures/Manny/T_Manny_01_MSR_MSK.uasset" 1080
"C:/Users/Lu1sR/Documents/UnrealProjects/Death-Of-Will/TheDeathOfWill/Content/Characters/Mannequins/Textures/Manny/T_Manny_01_MSR_MSK.uexp" 1081
"C:/Users/Lu1sR/Documents/UnrealProjects/Death-Of-Will/TheDeathOfWill/Content/Characters/Mannequins/Textures/Manny/T_Manny_01_BN.ubulk" 1082
"C:/Users/Lu1sR/Documents/UnrealProjects/Death-Of-Will/TheDeathOfWill/Content/Characters/Mannequins/Textures/Manny/T_Manny_01_BN.uasset" 1083
"C:/Users/Lu1sR/Documents/UnrealProjects/Death-Of-Will/TheDeathOfWill/Content/Characters/Mannequins/Textures/Manny/T_Manny_01_BN.uexp" 1084
"C:/Users/Lu1sR/Documents/UnrealProjects/Death-Of-Will/TheDeathOfWill/Content/Characters/Mannequins/Textures/Manny/T_Manny_01_D.ubulk" 1085
"C:/Users/Lu1sR/Documents/UnrealProjects/Death-Of-Will/TheDeathOfWill/Content/Characters/Mannequins/Textures/Manny/T_Manny_01_D.uasset" 1086
"C:/Users/Lu1sR/Documents/UnrealProjects/Death-Of-Will/TheDeathOfWill/Content/Characters/Mannequins/Textures/Manny/T_Manny_01_D.uexp" 1087
"C:/Users/Lu1sR/Documents/UnrealProjects/Death-Of-Will/TheDeathOfWill/Content/Characters/Mannequins/Textures/Manny/T_Manny_01_Tan.ubulk" 1088
"C:/Users/Lu1sR/Documents/UnrealProjects/Death-Of-Will/TheDeathOfWill/Content/Characters/Mannequins/Textures/Manny/T_Manny_01_Tan.uasset" 1089
"C:/Users/Lu1sR/Documents/UnrealProjects/Death-Of-Will/TheDeathOfWill/Content/Characters/Mannequins/Textures/Manny/T_Manny_01_Tan.uexp" 1090
"C:/Users/Lu1sR/Documents/UnrealProjects/Death-Of-Will/TheDeathOfWill/Content/Characters/Mannequins/Materials/M_Mannequin.uasset" 1091
"C:/Users/Lu1sR/Documents/UnrealProjects/Death-Of-Will/TheDeathOfWill/Content/Characters/Mannequins/Materials/M_Mannequin.uexp" 1092
"C:/Users/Lu1sR/Documents/UnrealProjects/Death-Of-Will/TheDeathOfWill/Content/Characters/Mannequins/Textures/Quinn/T_Quinn_01_ASAOMASK_MSK.ubulk" 1093
"C:/Users/Lu1sR/Documents/UnrealProjects/Death-Of-Will/TheDeathOfWill/Content/Characters/Mannequins/Textures/Quinn/T_Quinn_01_ASAOMASK_MSK.uasset" 1094
"C:/Users/Lu1sR/Documents/UnrealProjects/Death-Of-Will/TheDeathOfWill/Content/Characters/Mannequins/Textures/Quinn/T_Quinn_01_ASAOMASK_MSK.uexp" 1095
"C:/Users/Lu1sR/Documents/UnrealProjects/Death-Of-Will/TheDeathOfWill/Content/Characters/Mannequins/Textures/Quinn/T_Quinn_01ID_N.ubulk" 1096
"C:/Users/Lu1sR/Documents/UnrealProjects/Death-Of-Will/TheDeathOfWill/Content/Characters/Mannequins/Textures/Quinn/T_Quinn_01ID_N.uasset" 1097
"C:/Users/Lu1sR/Documents/UnrealProjects/Death-Of-Will/TheDeathOfWill/Content/Characters/Mannequins/Textures/Quinn/T_Quinn_01ID_N.uexp" 1098
"C:/Users/Lu1sR/Documents/UnrealProjects/Death-Of-Will/TheDeathOfWill/Content/Characters/Mannequins/Textures/Quinn/T_Quinn_01ID_BN.ubulk" 1099
"C:/Users/Lu1sR/Documents/UnrealProjects/Death-Of-Will/TheDeathOfWill/Content/Characters/Mannequins/Textures/Quinn/T_Quinn_01ID_BN.uasset" 1100
"C:/Users/Lu1sR/Documents/UnrealProjects/Death-Of-Will/TheDeathOfWill/Content/Characters/Mannequins/Textures/Quinn/T_Quinn_01ID_BN.uexp" 1101
"C:/Users/Lu1sR/Documents/UnrealProjects/Death-Of-Will/TheDeathOfWill/Content/Characters/Mannequins/Textures/Quinn/T_Quinn_01ID_D.ubulk" 1102
"C:/Users/Lu1sR/Documents/UnrealProjects/Death-Of-Will/TheDeathOfWill/Content/Characters/Mannequins/Textures/Quinn/T_Quinn_01ID_D.uasset" 1103
"C:/Users/Lu1sR/Documents/UnrealProjects/Death-Of-Will/TheDeathOfWill/Content/Characters/Mannequins/Textures/Quinn/T_Quinn_01ID_D.uexp" 1104
"C:/Users/Lu1sR/Documents/UnrealProjects/Death-Of-Will/TheDeathOfWill/Content/Characters/Mannequins/Textures/Quinn/T_Quinn_01ID_Tan.ubulk" 1105
"C:/Users/Lu1sR/Documents/UnrealProjects/Death-Of-Will/TheDeathOfWill/Content/Characters/Mannequins/Textures/Quinn/T_Quinn_01ID_Tan.uasset" 1106
"C:/Users/Lu1sR/Documents/UnrealProjects/Death-Of-Will/TheDeathOfWill/Content/Characters/Mannequins/Textures/Quinn/T_Quinn_01ID_Tan.uexp" 1107
"C:/Users/Lu1sR/Documents/UnrealProjects/Death-Of-Will/TheDeathOfWill/Content/Characters/Mannequins/Textures/Quinn/T_Quinn_01_CCRCCPlastic_MSK.ubulk" 1108
"C:/Users/Lu1sR/Documents/UnrealProjects/Death-Of-Will/TheDeathOfWill/Content/Characters/Mannequins/Textures/Quinn/T_Quinn_01_CCRCCPlastic_MSK.uasset" 1109
"C:/Users/Lu1sR/Documents/UnrealProjects/Death-Of-Will/TheDeathOfWill/Content/Characters/Mannequins/Textures/Quinn/T_Quinn_01_CCRCCPlastic_MSK.uexp" 1110
"C:/Users/Lu1sR/Documents/UnrealProjects/Death-Of-Will/TheDeathOfWill/Content/Characters/Mannequins/Materials/Instances/Quinn/MI_Quinn_01.uasset" 1111
"C:/Users/Lu1sR/Documents/UnrealProjects/Death-Of-Will/TheDeathOfWill/Content/Characters/Mannequins/Materials/Instances/Quinn/MI_Quinn_01.uexp" 1112
"C:/Users/Lu1sR/Documents/UnrealProjects/Death-Of-Will/TheDeathOfWill/Content/Characters/Mannequins/Textures/Quinn/T_Quinn_02ID_N.ubulk" 1113
"C:/Users/Lu1sR/Documents/UnrealProjects/Death-Of-Will/TheDeathOfWill/Content/Characters/Mannequins/Textures/Quinn/T_Quinn_02ID_N.uasset" 1114
"C:/Users/Lu1sR/Documents/UnrealProjects/Death-Of-Will/TheDeathOfWill/Content/Characters/Mannequins/Textures/Quinn/T_Quinn_02ID_N.uexp" 1115
"C:/Users/Lu1sR/Documents/UnrealProjects/Death-Of-Will/TheDeathOfWill/Content/Characters/Mannequins/Materials/Instances/Quinn/MI_Quinn_02.uasset" 1116
"C:/Users/Lu1sR/Documents/UnrealProjects/Death-Of-Will/TheDeathOfWill/Content/Characters/Mannequins/Materials/Instances/Quinn/MI_Quinn_02.uexp" 1117
"C:/Users/Lu1sR/Documents/UnrealProjects/Death-Of-Will/TheDeathOfWill/Content/Characters/Mannequins/Rigs/PA_Mannequin.uasset" 1118
"C:/Users/Lu1sR/Documents/UnrealProjects/Death-Of-Will/TheDeathOfWill/Content/Characters/Mannequins/Rigs/PA_Mannequin.uexp" 1119
"C:/Users/Lu1sR/Documents/UnrealProjects/Death-Of-Will/TheDeathOfWill/Content/Characters/Mannequins/Meshes/SKM_Quinn_Simple.uasset" 1120
"C:/Users/Lu1sR/Documents/UnrealProjects/Death-Of-Will/TheDeathOfWill/Content/Characters/Mannequins/Meshes/SKM_Quinn_Simple.uexp" 1121
"../../../Engine/Content/BasicShapes/Cylinder.ubulk" 1122
"../../../Engine/Content/BasicShapes/Cylinder.uasset" 1123
"../../../Engine/Content/BasicShapes/Cylinder.uexp" 1124
"../../../Engine/Content/BasicShapes/Plane.ubulk" 1125
"../../../Engine/Content/BasicShapes/Plane.uasset" 1126
"../../../Engine/Content/BasicShapes/Plane.uexp" 1127
"../../../Engine/Content/Functions/Engine_MaterialFunctions01/Gradient/LinearGradient.uasset" 1128
"../../../Engine/Content/Functions/Engine_MaterialFunctions01/Gradient/LinearGradient.uexp" 1129
"../../../Engine/Content/Functions/Engine_MaterialFunctions01/ImageAdjustment/CheapContrast.uasset" 1130
"../../../Engine/Content/Functions/Engine_MaterialFunctions01/ImageAdjustment/CheapContrast.uexp" 1131
"../../../Engine/Content/Functions/Engine_MaterialFunctions02/Texturing/HeightLerp.uasset" 1132
"../../../Engine/Content/Functions/Engine_MaterialFunctions02/Texturing/HeightLerp.uexp" 1133
"../../../Engine/Content/Functions/Engine_MaterialFunctions03/Procedurals/NormalFromHeightmap.uasset" 1134
"../../../Engine/Content/Functions/Engine_MaterialFunctions03/Procedurals/NormalFromHeightmap.uexp" 1135
"../../../Engine/Plugins/Experimental/Water/Content/Materials/MPC/MPC_Water.uasset" 1136
"../../../Engine/Plugins/Experimental/Water/Content/Materials/MPC/MPC_Water.uexp" 1137
"../../../Engine/Content/Functions/Engine_MaterialFunctions01/Gradient/BoxMask-2D.uasset" 1138
"../../../Engine/Content/Functions/Engine_MaterialFunctions01/Gradient/BoxMask-2D.uexp" 1139
"../../../Engine/Plugins/Experimental/Water/Content/FluidSimulation/WaveFoam/FoamRT.uasset" 1140
"../../../Engine/Plugins/Experimental/Water/Content/FluidSimulation/WaveFoam/FoamRT.uexp" 1141
"../../../Engine/Plugins/Experimental/Water/Content/Textures/Foam/T_WaterFlow_01_Foam_Tiled.ubulk" 1142
"../../../Engine/Plugins/Experimental/Water/Content/Textures/Foam/T_WaterFlow_01_Foam_Tiled.uasset" 1143
"../../../Engine/Plugins/Experimental/Water/Content/Textures/Foam/T_WaterFlow_01_Foam_Tiled.uexp" 1144
"../../../Engine/Plugins/Experimental/Water/Content/Materials/Functions/WaterZoneData.uasset" 1145
"../../../Engine/Plugins/Experimental/Water/Content/Materials/Functions/WaterZoneData.uexp" 1146
"../../../Engine/Plugins/Experimental/Water/Content/Textures/BlackTexture2DArray.uasset" 1147
"../../../Engine/Plugins/Experimental/Water/Content/Textures/BlackTexture2DArray.uexp" 1148
"../../../Engine/Plugins/Experimental/Water/Content/Materials/Functions/HighQualityTextureFiltering.uasset" 1149
"../../../Engine/Plugins/Experimental/Water/Content/Materials/Functions/HighQualityTextureFiltering.uexp" 1150
"../../../Engine/Plugins/Experimental/Water/Content/Materials/Functions/WaterBodyData.uasset" 1151
"../../../Engine/Plugins/Experimental/Water/Content/Materials/Functions/WaterBodyData.uexp" 1152
"../../../Engine/Plugins/Experimental/Water/Content/Textures/Foam/T_WaterFlow_01_Foam_Tiled_N.ubulk" 1153
"../../../Engine/Plugins/Experimental/Water/Content/Textures/Foam/T_WaterFlow_01_Foam_Tiled_N.uasset" 1154
"../../../Engine/Plugins/Experimental/Water/Content/Textures/Foam/T_WaterFlow_01_Foam_Tiled_N.uexp" 1155
"../../../Engine/Content/EngineSky/VolumetricClouds/T_VolumeNoiseShape128.uasset" 1156
"../../../Engine/Content/EngineSky/VolumetricClouds/T_VolumeNoiseShape128.uexp" 1157
"../../../Engine/Plugins/Experimental/Water/Content/Materials/Layers/BeachFoam.uasset" 1158
"../../../Engine/Plugins/Experimental/Water/Content/Materials/Layers/BeachFoam.uexp" 1159
"../../../Engine/Plugins/Experimental/Water/Content/Materials/Functions/WaterOpacityMaskFromDepth.uasset" 1160
"../../../Engine/Plugins/Experimental/Water/Content/Materials/Functions/WaterOpacityMaskFromDepth.uexp" 1161
"../../../Engine/Content/Functions/Engine_MaterialFunctions02/ExampleContent/Textures/LowResBlurredNoise.uasset" 1162
"../../../Engine/Content/Functions/Engine_MaterialFunctions02/ExampleContent/Textures/LowResBlurredNoise.uexp" 1163
"../../../Engine/Plugins/Experimental/Water/Content/Textures/Flowmaps/RiverFlowmap_Diffuse.ubulk" 1164
"../../../Engine/Plugins/Experimental/Water/Content/Textures/Flowmaps/RiverFlowmap_Diffuse.uasset" 1165
"../../../Engine/Plugins/Experimental/Water/Content/Textures/Flowmaps/RiverFlowmap_Diffuse.uexp" 1166
"../../../Engine/Content/Functions/Engine_MaterialFunctions01/Coordinates/WorldPosition-XY.uasset" 1167
"../../../Engine/Content/Functions/Engine_MaterialFunctions01/Coordinates/WorldPosition-XY.uexp" 1168
"../../../Engine/Plugins/Experimental/Water/Content/Textures/Flowmaps/RiverFlowmap_Normal.ubulk" 1169
"../../../Engine/Plugins/Experimental/Water/Content/Textures/Flowmaps/RiverFlowmap_Normal.uasset" 1170
"../../../Engine/Plugins/Experimental/Water/Content/Textures/Flowmaps/RiverFlowmap_Normal.uexp" 1171
"../../../Engine/Content/Functions/Engine_MaterialFunctions02/Utility/BlendAngleCorrectedNormals.uasset" 1172
"../../../Engine/Content/Functions/Engine_MaterialFunctions02/Utility/BlendAngleCorrectedNormals.uexp" 1173
"../../../Engine/Content/Functions/Engine_MaterialFunctions02/Math/MakeVectorsOrthogonal.uasset" 1174
"../../../Engine/Content/Functions/Engine_MaterialFunctions02/Math/MakeVectorsOrthogonal.uexp" 1175
"../../../Engine/Content/Functions/Engine_MaterialFunctions01/Texturing/ComputeMipLevel.uasset" 1176
"../../../Engine/Content/Functions/Engine_MaterialFunctions01/Texturing/ComputeMipLevel.uexp" 1177
"../../../Engine/Content/EngineMaterials/DefaultNormal.ubulk" 1178
"../../../Engine/Content/EngineMaterials/DefaultNormal.uasset" 1179
"../../../Engine/Content/EngineMaterials/DefaultNormal.uexp" 1180
"../../../Engine/Content/Functions/Engine_MaterialFunctions02/Math/TimeWithSpeedVariable.uasset" 1181
"../../../Engine/Content/Functions/Engine_MaterialFunctions02/Math/TimeWithSpeedVariable.uexp" 1182
"../../../Engine/Content/Functions/Engine_MaterialFunctions02/Utility/LinearSine.uasset" 1183
"../../../Engine/Content/Functions/Engine_MaterialFunctions02/Utility/LinearSine.uexp" 1184
"../../../Engine/Content/Functions/Engine_MaterialFunctions02/Texturing/Flowmaps.uasset" 1185
"../../../Engine/Content/Functions/Engine_MaterialFunctions02/Texturing/Flowmaps.uexp" 1186
"../../../Engine/Plugins/Experimental/Water/Content/Materials/Functions/WaterRiverFlowmaps.uasset" 1187
"../../../Engine/Plugins/Experimental/Water/Content/Materials/Functions/WaterRiverFlowmaps.uexp" 1188
"../../../Engine/Plugins/Experimental/Water/Content/Materials/Layers/WaterAttributes.uasset" 1189
"../../../Engine/Plugins/Experimental/Water/Content/Materials/Layers/WaterAttributes.uexp" 1190
"../../../Engine/Plugins/Experimental/Water/Content/Materials/Functions/ClipDynamicBounds.uasset" 1191
"../../../Engine/Plugins/Experimental/Water/Content/Materials/Functions/ClipDynamicBounds.uexp" 1192
"../../../Engine/Plugins/Experimental/Water/Content/Materials/Functions/Water_Underside.uasset" 1193
"../../../Engine/Plugins/Experimental/Water/Content/Materials/Functions/Water_Underside.uexp" 1194
"../../../Engine/Plugins/Experimental/Water/Content/Materials/Functions/ComputeWavesAttenuationFactor.uasset" 1195
"../../../Engine/Plugins/Experimental/Water/Content/Materials/Functions/ComputeWavesAttenuationFactor.uexp" 1196
"../../../Engine/Plugins/Experimental/Water/Content/Materials/Functions/WaveDepthFalloff_Overrides.uasset" 1197
"../../../Engine/Plugins/Experimental/Water/Content/Materials/Functions/WaveDepthFalloff_Overrides.uexp" 1198
"../../../Engine/Plugins/Experimental/Water/Content/Materials/Functions/ComputeGerstnerWaves.uasset" 1199
"../../../Engine/Plugins/Experimental/Water/Content/Materials/Functions/ComputeGerstnerWaves.uexp" 1200
"../../../Engine/Content/Functions/Engine_MaterialFunctions01/Opacity/AlphaOffset.uasset" 1201
"../../../Engine/Content/Functions/Engine_MaterialFunctions01/Opacity/AlphaOffset.uexp" 1202
"../../../Engine/Plugins/Experimental/Water/Content/FluidSimulation/Materials/Functions/Fluidsim_WorldPosition_to_UV.uasset" 1203
"../../../Engine/Plugins/Experimental/Water/Content/FluidSimulation/Materials/Functions/Fluidsim_WorldPosition_to_UV.uexp" 1204
"../../../Engine/Plugins/Experimental/Water/Content/FluidSimulation/WaveFoam/WaterDistanceField.uasset" 1205
"../../../Engine/Plugins/Experimental/Water/Content/FluidSimulation/WaveFoam/WaterDistanceField.uexp" 1206
"../../../Engine/Plugins/Experimental/Water/Content/Materials/Functions/SampleFluidSimulation.uasset" 1207
"../../../Engine/Plugins/Experimental/Water/Content/Materials/Functions/SampleFluidSimulation.uexp" 1208
"../../../Engine/Plugins/Experimental/Water/Content/Materials/Functions/WaterTextureWaves.uasset" 1209
"../../../Engine/Plugins/Experimental/Water/Content/Materials/Functions/WaterTextureWaves.uexp" 1210
"../../../Engine/Plugins/Experimental/Water/Content/Textures/Normals/T_Water_TilingNormal_With_Height_02_Softened.ubulk" 1211
"../../../Engine/Plugins/Experimental/Water/Content/Textures/Normals/T_Water_TilingNormal_With_Height_02_Softened.uasset" 1212
"../../../Engine/Plugins/Experimental/Water/Content/Textures/Normals/T_Water_TilingNormal_With_Height_02_Softened.uexp" 1213
"../../../Engine/Plugins/Experimental/Water/Content/Materials/Functions/WaterTextureSurface.uasset" 1214
"../../../Engine/Plugins/Experimental/Water/Content/Materials/Functions/WaterTextureSurface.uexp" 1215
"../../../Engine/Plugins/Experimental/Water/Content/Caustics/Materials/Functions/GetDistortionUV.uasset" 1216
"../../../Engine/Plugins/Experimental/Water/Content/Caustics/Materials/Functions/GetDistortionUV.uexp" 1217
"../../../Engine/Plugins/Experimental/Water/Content/Materials/Functions/WorldNormalBehindWater.uasset" 1218
"../../../Engine/Plugins/Experimental/Water/Content/Materials/Functions/WorldNormalBehindWater.uexp" 1219
"../../../Engine/Plugins/Experimental/Water/Content/Materials/Functions/GetWaterTime.uasset" 1220
"../../../Engine/Plugins/Experimental/Water/Content/Materials/Functions/GetWaterTime.uexp" 1221
"../../../Engine/Plugins/Experimental/Water/Content/Materials/Functions/WorldPositionBehindWater.uasset" 1222
"../../../Engine/Plugins/Experimental/Water/Content/Materials/Functions/WorldPositionBehindWater.uexp" 1223
"../../../Engine/Plugins/Experimental/Water/Content/Caustics/Materials/Functions/WaterCaustics_GerstnerWaves.uasset" 1224
"../../../Engine/Plugins/Experimental/Water/Content/Caustics/Materials/Functions/WaterCaustics_GerstnerWaves.uexp" 1225
"../../../Engine/Plugins/Experimental/Water/Content/Materials/Functions/SetWaveAttributes.uasset" 1226
"../../../Engine/Plugins/Experimental/Water/Content/Materials/Functions/SetWaveAttributes.uexp" 1227
"../../../Engine/Plugins/Experimental/Water/Content/Materials/Functions/WaterHeightMappingVS.uasset" 1228
"../../../Engine/Plugins/Experimental/Water/Content/Materials/Functions/WaterHeightMappingVS.uexp" 1229
"../../../Engine/Plugins/Experimental/Water/Content/Materials/Functions/WaveVelocityMask.uasset" 1230
"../../../Engine/Plugins/Experimental/Water/Content/Materials/Functions/WaveVelocityMask.uexp" 1231
"../../../Engine/Plugins/Experimental/Water/Content/Materials/Functions/WaterCoefficientMask.uasset" 1232
"../../../Engine/Plugins/Experimental/Water/Content/Materials/Functions/WaterCoefficientMask.uexp" 1233
"../../../Engine/Plugins/Experimental/Water/Content/Materials/WaterSurface/Water_Material.uasset" 1234
"../../../Engine/Plugins/Experimental/Water/Content/Materials/WaterSurface/Water_Material.uexp" 1235
"../../../Engine/Plugins/Experimental/Water/Content/Materials/WaterSurface/Water_FarMesh.uasset" 1236
"../../../Engine/Plugins/Experimental/Water/Content/Materials/WaterSurface/Water_FarMesh.uexp" 1237
"C:/Users/Lu1sR/Documents/UnrealProjects/Death-Of-Will/TheDeathOfWill/Content/Materials/PoolTiles/Tiles133A_1K-JPG_NormalDX.ubulk" 1238
"C:/Users/Lu1sR/Documents/UnrealProjects/Death-Of-Will/TheDeathOfWill/Content/Materials/PoolTiles/Tiles133A_1K-JPG_NormalDX.uasset" 1239
"C:/Users/Lu1sR/Documents/UnrealProjects/Death-Of-Will/TheDeathOfWill/Content/Materials/PoolTiles/Tiles133A_1K-JPG_NormalDX.uexp" 1240
"../../../Engine/Content/EngineMaterials/DefaultNormal_Uncompressed.ubulk" 1241
"../../../Engine/Content/EngineMaterials/DefaultNormal_Uncompressed.uasset" 1242
"../../../Engine/Content/EngineMaterials/DefaultNormal_Uncompressed.uexp" 1243
"../../../Engine/Content/Functions/Engine_MaterialFunctions02/Math/CreateThirdOrthogonalVector.uasset" 1244
"../../../Engine/Content/Functions/Engine_MaterialFunctions02/Math/CreateThirdOrthogonalVector.uexp" 1245
"../../../Engine/Content/Functions/Engine_MaterialFunctions02/WorldAlignedNormals_HighQuality.uasset" 1246
"../../../Engine/Content/Functions/Engine_MaterialFunctions02/WorldAlignedNormals_HighQuality.uexp" 1247
"../../../Engine/Content/Functions/Engine_MaterialFunctions01/Texturing/WorldAlignedNormal.uasset" 1248
"../../../Engine/Content/Functions/Engine_MaterialFunctions01/Texturing/WorldAlignedNormal.uexp" 1249
"C:/Users/Lu1sR/Documents/UnrealProjects/Death-Of-Will/TheDeathOfWill/Content/Materials/PoolTiles/Tiles133A_1K-JPG_AmbientOcclusion.ubulk" 1250
"C:/Users/Lu1sR/Documents/UnrealProjects/Death-Of-Will/TheDeathOfWill/Content/Materials/PoolTiles/Tiles133A_1K-JPG_AmbientOcclusion.uasset" 1251
"C:/Users/Lu1sR/Documents/UnrealProjects/Death-Of-Will/TheDeathOfWill/Content/Materials/PoolTiles/Tiles133A_1K-JPG_AmbientOcclusion.uexp" 1252
"C:/Users/Lu1sR/Documents/UnrealProjects/Death-Of-Will/TheDeathOfWill/Content/Materials/PoolTiles/Tiles133A_1K-JPG_Color_jpg.ubulk" 1253
"C:/Users/Lu1sR/Documents/UnrealProjects/Death-Of-Will/TheDeathOfWill/Content/Materials/PoolTiles/Tiles133A_1K-JPG_Color_jpg.uasset" 1254
"C:/Users/Lu1sR/Documents/UnrealProjects/Death-Of-Will/TheDeathOfWill/Content/Materials/PoolTiles/Tiles133A_1K-JPG_Color_jpg.uexp" 1255
"../../../Engine/Content/Functions/Engine_MaterialFunctions01/Texturing/WorldAlignedTexture.uasset" 1256
"../../../Engine/Content/Functions/Engine_MaterialFunctions01/Texturing/WorldAlignedTexture.uexp" 1257
"C:/Users/Lu1sR/Documents/UnrealProjects/Death-Of-Will/TheDeathOfWill/Content/Materials/PoolTiles/Tiles133A_1K-JPG_Roughness.ubulk" 1258
"C:/Users/Lu1sR/Documents/UnrealProjects/Death-Of-Will/TheDeathOfWill/Content/Materials/PoolTiles/Tiles133A_1K-JPG_Roughness.uasset" 1259
"C:/Users/Lu1sR/Documents/UnrealProjects/Death-Of-Will/TheDeathOfWill/Content/Materials/PoolTiles/Tiles133A_1K-JPG_Roughness.uexp" 1260
"C:/Users/Lu1sR/Documents/UnrealProjects/Death-Of-Will/TheDeathOfWill/Content/Materials/PoolTiles/M_TilesC.uasset" 1261
"C:/Users/Lu1sR/Documents/UnrealProjects/Death-Of-Will/TheDeathOfWill/Content/Materials/PoolTiles/M_TilesC.uexp" 1262
"C:/Users/Lu1sR/Documents/UnrealProjects/Death-Of-Will/TheDeathOfWill/Content/Models/PoolRoom/Wall_Hole.ubulk" 1263
"C:/Users/Lu1sR/Documents/UnrealProjects/Death-Of-Will/TheDeathOfWill/Content/Models/PoolRoom/Wall_Hole.uasset" 1264
"C:/Users/Lu1sR/Documents/UnrealProjects/Death-Of-Will/TheDeathOfWill/Content/Models/PoolRoom/Wall_Hole.uexp" 1265
"C:/Users/Lu1sR/Documents/UnrealProjects/Death-Of-Will/TheDeathOfWill/Content/Blueprints/HeadBobbing/BP_SprintHB.uasset" 1266
"C:/Users/Lu1sR/Documents/UnrealProjects/Death-Of-Will/TheDeathOfWill/Content/Blueprints/HeadBobbing/BP_SprintHB.uexp" 1267
"C:/Users/Lu1sR/Documents/UnrealProjects/Death-Of-Will/TheDeathOfWill/Content/FirstPerson/Input/Actions/IA_Look.uasset" 1268
"C:/Users/Lu1sR/Documents/UnrealProjects/Death-Of-Will/TheDeathOfWill/Content/FirstPerson/Input/Actions/IA_Look.uexp" 1269
"C:/Users/Lu1sR/Documents/UnrealProjects/Death-Of-Will/TheDeathOfWill/Content/FirstPersonArms/Character/Textures/Manny/T_Manny_02_N.ubulk" 1270
"C:/Users/Lu1sR/Documents/UnrealProjects/Death-Of-Will/TheDeathOfWill/Content/FirstPersonArms/Character/Textures/Manny/T_Manny_02_N.uasset" 1271
"C:/Users/Lu1sR/Documents/UnrealProjects/Death-Of-Will/TheDeathOfWill/Content/FirstPersonArms/Character/Textures/Manny/T_Manny_02_N.uexp" 1272
"C:/Users/Lu1sR/Documents/UnrealProjects/Death-Of-Will/TheDeathOfWill/Content/FirstPersonArms/Character/Textures/Manny/T_Manny_02_BN.ubulk" 1273
"C:/Users/Lu1sR/Documents/UnrealProjects/Death-Of-Will/TheDeathOfWill/Content/FirstPersonArms/Character/Textures/Manny/T_Manny_02_BN.uasset" 1274
"C:/Users/Lu1sR/Documents/UnrealProjects/Death-Of-Will/TheDeathOfWill/Content/FirstPersonArms/Character/Textures/Manny/T_Manny_02_BN.uexp" 1275
"C:/Users/Lu1sR/Documents/UnrealProjects/Death-Of-Will/TheDeathOfWill/Content/FirstPersonArms/Character/Textures/Manny/T_Manny_02_ASAOPMASK_MSK.ubulk" 1276
"C:/Users/Lu1sR/Documents/UnrealProjects/Death-Of-Will/TheDeathOfWill/Content/FirstPersonArms/Character/Textures/Manny/T_Manny_02_ASAOPMASK_MSK.uasset" 1277
"C:/Users/Lu1sR/Documents/UnrealProjects/Death-Of-Will/TheDeathOfWill/Content/FirstPersonArms/Character/Textures/Manny/T_Manny_02_ASAOPMASK_MSK.uexp" 1278
"C:/Users/Lu1sR/Documents/UnrealProjects/Death-Of-Will/TheDeathOfWill/Content/FirstPersonArms/Character/Textures/Manny/T_Manny_01_ASAOPMASK_MSK.ubulk" 1279
"C:/Users/Lu1sR/Documents/UnrealProjects/Death-Of-Will/TheDeathOfWill/Content/FirstPersonArms/Character/Textures/Manny/T_Manny_01_ASAOPMASK_MSK.uasset" 1280
"C:/Users/Lu1sR/Documents/UnrealProjects/Death-Of-Will/TheDeathOfWill/Content/FirstPersonArms/Character/Textures/Manny/T_Manny_01_ASAOPMASK_MSK.uexp" 1281
"C:/Users/Lu1sR/Documents/UnrealProjects/Death-Of-Will/TheDeathOfWill/Content/FirstPersonArms/Character/Textures/Manny/T_Manny_01_CCRCCPlastic_MSK.ubulk" 1282
"C:/Users/Lu1sR/Documents/UnrealProjects/Death-Of-Will/TheDeathOfWill/Content/FirstPersonArms/Character/Textures/Manny/T_Manny_01_CCRCCPlastic_MSK.uasset" 1283
"C:/Users/Lu1sR/Documents/UnrealProjects/Death-Of-Will/TheDeathOfWill/Content/FirstPersonArms/Character/Textures/Manny/T_Manny_01_CCRCCPlastic_MSK.uexp" 1284
"C:/Users/Lu1sR/Documents/UnrealProjects/Death-Of-Will/TheDeathOfWill/Content/FirstPersonArms/Character/Textures/Manny/T_Manny_01_Tan.ubulk" 1285
"C:/Users/Lu1sR/Documents/UnrealProjects/Death-Of-Will/TheDeathOfWill/Content/FirstPersonArms/Character/Textures/Manny/T_Manny_01_Tan.uasset" 1286
"C:/Users/Lu1sR/Documents/UnrealProjects/Death-Of-Will/TheDeathOfWill/Content/FirstPersonArms/Character/Textures/Manny/T_Manny_01_Tan.uexp" 1287
"C:/Users/Lu1sR/Documents/UnrealProjects/Death-Of-Will/TheDeathOfWill/Content/FirstPersonArms/Character/Textures/Manny/T_Manny_01_BN.ubulk" 1288
"C:/Users/Lu1sR/Documents/UnrealProjects/Death-Of-Will/TheDeathOfWill/Content/FirstPersonArms/Character/Textures/Manny/T_Manny_01_BN.uasset" 1289
"C:/Users/Lu1sR/Documents/UnrealProjects/Death-Of-Will/TheDeathOfWill/Content/FirstPersonArms/Character/Textures/Manny/T_Manny_01_BN.uexp" 1290
"C:/Users/Lu1sR/Documents/UnrealProjects/Death-Of-Will/TheDeathOfWill/Content/FirstPersonArms/Character/Textures/Manny/T_Manny_01_MSR_MSK.ubulk" 1291
"C:/Users/Lu1sR/Documents/UnrealProjects/Death-Of-Will/TheDeathOfWill/Content/FirstPersonArms/Character/Textures/Manny/T_Manny_01_MSR_MSK.uasset" 1292
"C:/Users/Lu1sR/Documents/UnrealProjects/Death-Of-Will/TheDeathOfWill/Content/FirstPersonArms/Character/Textures/Manny/T_Manny_01_MSR_MSK.uexp" 1293
"C:/Users/Lu1sR/Documents/UnrealProjects/Death-Of-Will/TheDeathOfWill/Content/FirstPersonArms/Character/Textures/Manny/T_Manny_01_N.ubulk" 1294
"C:/Users/Lu1sR/Documents/UnrealProjects/Death-Of-Will/TheDeathOfWill/Content/FirstPersonArms/Character/Textures/Manny/T_Manny_01_N.uasset" 1295
"C:/Users/Lu1sR/Documents/UnrealProjects/Death-Of-Will/TheDeathOfWill/Content/FirstPersonArms/Character/Textures/Manny/T_Manny_01_N.uexp" 1296
"C:/Users/Lu1sR/Documents/UnrealProjects/Death-Of-Will/TheDeathOfWill/Content/FirstPersonArms/Character/Textures/Manny/T_Manny_01_D.ubulk" 1297
"C:/Users/Lu1sR/Documents/UnrealProjects/Death-Of-Will/TheDeathOfWill/Content/FirstPersonArms/Character/Textures/Manny/T_Manny_01_D.uasset" 1298
"C:/Users/Lu1sR/Documents/UnrealProjects/Death-Of-Will/TheDeathOfWill/Content/FirstPersonArms/Character/Textures/Manny/T_Manny_01_D.uexp" 1299
"C:/Users/Lu1sR/Documents/UnrealProjects/Death-Of-Will/TheDeathOfWill/Content/FirstPersonArms/Character/Materials/Functions/ChromaticCurve.uasset" 1300
"C:/Users/Lu1sR/Documents/UnrealProjects/Death-Of-Will/TheDeathOfWill/Content/FirstPersonArms/Character/Materials/Functions/ChromaticCurve.uexp" 1301
"C:/Users/Lu1sR/Documents/UnrealProjects/Death-Of-Will/TheDeathOfWill/Content/FirstPersonArms/Character/Materials/Functions/CA_Mannequin.uasset" 1302
"C:/Users/Lu1sR/Documents/UnrealProjects/Death-Of-Will/TheDeathOfWill/Content/FirstPersonArms/Character/Materials/Functions/CA_Mannequin.uexp" 1303
"C:/Users/Lu1sR/Documents/UnrealProjects/Death-Of-Will/TheDeathOfWill/Content/FirstPersonArms/Character/Materials/Functions/MF_Diffraction.uasset" 1304
"C:/Users/Lu1sR/Documents/UnrealProjects/Death-Of-Will/TheDeathOfWill/Content/FirstPersonArms/Character/Materials/Functions/MF_Diffraction.uexp" 1305
"C:/Users/Lu1sR/Documents/UnrealProjects/Death-Of-Will/TheDeathOfWill/Content/FirstPersonArms/Character/Textures/Shared/T_UE_Logo_M.uasset" 1306
"C:/Users/Lu1sR/Documents/UnrealProjects/Death-Of-Will/TheDeathOfWill/Content/FirstPersonArms/Character/Textures/Shared/T_UE_Logo_M.uexp" 1307
"C:/Users/Lu1sR/Documents/UnrealProjects/Death-Of-Will/TheDeathOfWill/Content/FirstPersonArms/Character/Materials/Functions/MF_logo3layers.uasset" 1308
"C:/Users/Lu1sR/Documents/UnrealProjects/Death-Of-Will/TheDeathOfWill/Content/FirstPersonArms/Character/Materials/Functions/MF_logo3layers.uexp" 1309
"C:/Users/Lu1sR/Documents/UnrealProjects/Death-Of-Will/TheDeathOfWill/Content/FirstPersonArms/Character/Materials/Functions/ML_BaseColorFallOff.uasset" 1310
"C:/Users/Lu1sR/Documents/UnrealProjects/Death-Of-Will/TheDeathOfWill/Content/FirstPersonArms/Character/Materials/Functions/ML_BaseColorFallOff.uexp" 1311
"C:/Users/Lu1sR/Documents/UnrealProjects/Death-Of-Will/TheDeathOfWill/Content/FirstPersonArms/Character/Materials/M_Mannequin.uasset" 1312
"C:/Users/Lu1sR/Documents/UnrealProjects/Death-Of-Will/TheDeathOfWill/Content/FirstPersonArms/Character/Materials/M_Mannequin.uexp" 1313
"C:/Users/Lu1sR/Documents/UnrealProjects/Death-Of-Will/TheDeathOfWill/Content/FirstPersonArms/Character/Materials/Instances/Manny/MI_Manny_01.uasset" 1314
"C:/Users/Lu1sR/Documents/UnrealProjects/Death-Of-Will/TheDeathOfWill/Content/FirstPersonArms/Character/Materials/Instances/Manny/MI_Manny_01.uexp" 1315
"C:/Users/Lu1sR/Documents/UnrealProjects/Death-Of-Will/TheDeathOfWill/Content/FirstPersonArms/Character/Textures/Manny/T_Manny_02_CCRCCPlastic_MSK.ubulk" 1316
"C:/Users/Lu1sR/Documents/UnrealProjects/Death-Of-Will/TheDeathOfWill/Content/FirstPersonArms/Character/Textures/Manny/T_Manny_02_CCRCCPlastic_MSK.uasset" 1317
"C:/Users/Lu1sR/Documents/UnrealProjects/Death-Of-Will/TheDeathOfWill/Content/FirstPersonArms/Character/Textures/Manny/T_Manny_02_CCRCCPlastic_MSK.uexp" 1318
"C:/Users/Lu1sR/Documents/UnrealProjects/Death-Of-Will/TheDeathOfWill/Content/FirstPersonArms/Character/Textures/Manny/T_Manny_02_MSR_MSK.ubulk" 1319
"C:/Users/Lu1sR/Documents/UnrealProjects/Death-Of-Will/TheDeathOfWill/Content/FirstPersonArms/Character/Textures/Manny/T_Manny_02_MSR_MSK.uasset" 1320
"C:/Users/Lu1sR/Documents/UnrealProjects/Death-Of-Will/TheDeathOfWill/Content/FirstPersonArms/Character/Textures/Manny/T_Manny_02_MSR_MSK.uexp" 1321
"C:/Users/Lu1sR/Documents/UnrealProjects/Death-Of-Will/TheDeathOfWill/Content/FirstPersonArms/Character/Textures/Manny/T_Manny_02_D.ubulk" 1322
"C:/Users/Lu1sR/Documents/UnrealProjects/Death-Of-Will/TheDeathOfWill/Content/FirstPersonArms/Character/Textures/Manny/T_Manny_02_D.uasset" 1323
"C:/Users/Lu1sR/Documents/UnrealProjects/Death-Of-Will/TheDeathOfWill/Content/FirstPersonArms/Character/Textures/Manny/T_Manny_02_D.uexp" 1324
"C:/Users/Lu1sR/Documents/UnrealProjects/Death-Of-Will/TheDeathOfWill/Content/FirstPersonArms/Character/Textures/Manny/T_Manny_02_Tan.ubulk" 1325
"C:/Users/Lu1sR/Documents/UnrealProjects/Death-Of-Will/TheDeathOfWill/Content/FirstPersonArms/Character/Textures/Manny/T_Manny_02_Tan.uasset" 1326
"C:/Users/Lu1sR/Documents/UnrealProjects/Death-Of-Will/TheDeathOfWill/Content/FirstPersonArms/Character/Textures/Manny/T_Manny_02_Tan.uexp" 1327
"C:/Users/Lu1sR/Documents/UnrealProjects/Death-Of-Will/TheDeathOfWill/Content/FirstPersonArms/Character/Materials/Instances/Manny/MI_Manny_02.uasset" 1328
"C:/Users/Lu1sR/Documents/UnrealProjects/Death-Of-Will/TheDeathOfWill/Content/FirstPersonArms/Character/Materials/Instances/Manny/MI_Manny_02.uexp" 1329
"C:/Users/Lu1sR/Documents/UnrealProjects/Death-Of-Will/TheDeathOfWill/Content/FirstPersonArms/Character/Mesh/SK_Mannequin_Arms_PhysicsAsset.uasset" 1330
"C:/Users/Lu1sR/Documents/UnrealProjects/Death-Of-Will/TheDeathOfWill/Content/FirstPersonArms/Character/Mesh/SK_Mannequin_Arms_PhysicsAsset.uexp" 1331
"C:/Users/Lu1sR/Documents/UnrealProjects/Death-Of-Will/TheDeathOfWill/Content/FirstPersonArms/Character/Mesh/SK_Mannequin_Arms_Skeleton.uasset" 1332
"C:/Users/Lu1sR/Documents/UnrealProjects/Death-Of-Will/TheDeathOfWill/Content/FirstPersonArms/Character/Mesh/SK_Mannequin_Arms_Skeleton.uexp" 1333
"C:/Users/Lu1sR/Documents/UnrealProjects/Death-Of-Will/TheDeathOfWill/Content/FirstPersonArms/Character/Mesh/SK_Mannequin_Arms.uasset" 1334
"C:/Users/Lu1sR/Documents/UnrealProjects/Death-Of-Will/TheDeathOfWill/Content/FirstPersonArms/Character/Mesh/SK_Mannequin_Arms.uexp" 1335
"C:/Users/Lu1sR/Documents/UnrealProjects/Death-Of-Will/TheDeathOfWill/Content/FirstPerson/Input/Actions/IA_Move.uasset" 1336
"C:/Users/Lu1sR/Documents/UnrealProjects/Death-Of-Will/TheDeathOfWill/Content/FirstPerson/Input/Actions/IA_Move.uexp" 1337
"../../../Engine/Plugins/Animation/ACLPlugin/Content/ACLAnimBoneCompressionSettings.uasset" 1338
"../../../Engine/Plugins/Animation/ACLPlugin/Content/ACLAnimBoneCompressionSettings.uexp" 1339
"../../../Engine/Content/Animation/DefaultVariableFrameStrippingSettings.uasset" 1340
"../../../Engine/Content/Animation/DefaultVariableFrameStrippingSettings.uexp" 1341
"C:/Users/Lu1sR/Documents/UnrealProjects/Death-Of-Will/TheDeathOfWill/Content/Models/CamelMonster/Monster_8_Skeleton.uasset" 1342
"C:/Users/Lu1sR/Documents/UnrealProjects/Death-Of-Will/TheDeathOfWill/Content/Models/CamelMonster/Monster_8_Skeleton.uexp" 1343
"../../../Engine/Plugins/Animation/ACLPlugin/Content/ACLAnimCurveCompressionSettings.uasset" 1344
"../../../Engine/Plugins/Animation/ACLPlugin/Content/ACLAnimCurveCompressionSettings.uexp" 1345
"C:/Users/Lu1sR/Documents/UnrealProjects/Death-Of-Will/TheDeathOfWill/Content/Models/CamelMonster/Monster_8_Anim_zoonamaly_monster8_Monster8_skeleton_walk.uasset" 1346
"C:/Users/Lu1sR/Documents/UnrealProjects/Death-Of-Will/TheDeathOfWill/Content/Models/CamelMonster/Monster_8_Anim_zoonamaly_monster8_Monster8_skeleton_walk.uexp" 1347
"C:/Users/Lu1sR/Documents/UnrealProjects/Death-Of-Will/TheDeathOfWill/Content/Audio/neolapon__egrunt2.ubulk" 1348
"C:/Users/Lu1sR/Documents/UnrealProjects/Death-Of-Will/TheDeathOfWill/Content/Audio/neolapon__egrunt2.uasset" 1349
"C:/Users/Lu1sR/Documents/UnrealProjects/Death-Of-Will/TheDeathOfWill/Content/Audio/neolapon__egrunt2.uexp" 1350
"C:/Users/Lu1sR/Documents/UnrealProjects/Death-Of-Will/TheDeathOfWill/Content/AI/SecondP_Entitities/Struct_PatrolPath.uasset" 1351
"C:/Users/Lu1sR/Documents/UnrealProjects/Death-Of-Will/TheDeathOfWill/Content/AI/SecondP_Entitities/Struct_PatrolPath.uexp" 1352
"C:/Users/Lu1sR/Documents/UnrealProjects/Death-Of-Will/TheDeathOfWill/Content/Materials/M_EmissiveColor.uasset" 1353
"C:/Users/Lu1sR/Documents/UnrealProjects/Death-Of-Will/TheDeathOfWill/Content/Materials/M_EmissiveColor.uexp" 1354
"C:/Users/Lu1sR/Documents/UnrealProjects/Death-Of-Will/TheDeathOfWill/Content/Materials/MI_EmissiveGreen.uasset" 1355
"C:/Users/Lu1sR/Documents/UnrealProjects/Death-Of-Will/TheDeathOfWill/Content/Materials/MI_EmissiveGreen.uexp" 1356
"C:/Users/Lu1sR/Documents/UnrealProjects/Death-Of-Will/TheDeathOfWill/Content/AI/SecondP_Entitities/BP_PatrolPath.uasset" 1357
"C:/Users/Lu1sR/Documents/UnrealProjects/Death-Of-Will/TheDeathOfWill/Content/AI/SecondP_Entitities/BP_PatrolPath.uexp" 1358
"C:/Users/Lu1sR/Documents/UnrealProjects/Death-Of-Will/TheDeathOfWill/Content/AI/SecondP_Entitities/AI_BehaviourComponent.uasset" 1359
"C:/Users/Lu1sR/Documents/UnrealProjects/Death-Of-Will/TheDeathOfWill/Content/AI/SecondP_Entitities/AI_BehaviourComponent.uexp" 1360
"C:/Users/Lu1sR/Documents/UnrealProjects/Death-Of-Will/TheDeathOfWill/Content/StarterContent/Textures/T_Smoke_SubUV.ubulk" 1361
"C:/Users/Lu1sR/Documents/UnrealProjects/Death-Of-Will/TheDeathOfWill/Content/StarterContent/Textures/T_Smoke_SubUV.uasset" 1362
"C:/Users/Lu1sR/Documents/UnrealProjects/Death-Of-Will/TheDeathOfWill/Content/StarterContent/Textures/T_Smoke_SubUV.uexp" 1363
"C:/Users/Lu1sR/Documents/UnrealProjects/Death-Of-Will/TheDeathOfWill/Content/StarterContent/Textures/T_Smoke_Tiled_D.ubulk" 1364
"C:/Users/Lu1sR/Documents/UnrealProjects/Death-Of-Will/TheDeathOfWill/Content/StarterContent/Textures/T_Smoke_Tiled_D.uasset" 1365
"C:/Users/Lu1sR/Documents/UnrealProjects/Death-Of-Will/TheDeathOfWill/Content/StarterContent/Textures/T_Smoke_Tiled_D.uexp" 1366
"C:/Users/Lu1sR/Documents/UnrealProjects/Death-Of-Will/TheDeathOfWill/Content/StarterContent/Particles/Materials/M_smoke_subUV.uasset" 1367
"C:/Users/Lu1sR/Documents/UnrealProjects/Death-Of-Will/TheDeathOfWill/Content/StarterContent/Particles/Materials/M_smoke_subUV.uexp" 1368
"../../../Engine/Plugins/FX/Niagara/Content/VectorFields/Assets/TilingCurl32.uasset" 1369
"../../../Engine/Plugins/FX/Niagara/Content/VectorFields/Assets/TilingCurl32.uexp" 1370
"C:/Users/Lu1sR/Documents/UnrealProjects/Death-Of-Will/TheDeathOfWill/Content/StarterContent/Textures/T_Water_N.ubulk" 1371
"C:/Users/Lu1sR/Documents/UnrealProjects/Death-Of-Will/TheDeathOfWill/Content/StarterContent/Textures/T_Water_N.uasset" 1372
"C:/Users/Lu1sR/Documents/UnrealProjects/Death-Of-Will/TheDeathOfWill/Content/StarterContent/Textures/T_Water_N.uexp" 1373
"C:/Users/Lu1sR/Documents/UnrealProjects/Death-Of-Will/TheDeathOfWill/Content/StarterContent/Particles/Materials/M_Heat_Distortion.uasset" 1374
"C:/Users/Lu1sR/Documents/UnrealProjects/Death-Of-Will/TheDeathOfWill/Content/StarterContent/Particles/Materials/M_Heat_Distortion.uexp" 1375
"C:/Users/Lu1sR/Documents/UnrealProjects/Death-Of-Will/TheDeathOfWill/Content/Niagara/NS_eNTITY.uasset" 1376
"C:/Users/Lu1sR/Documents/UnrealProjects/Death-Of-Will/TheDeathOfWill/Content/Niagara/NS_eNTITY.uexp" 1377
"C:/Users/Lu1sR/Documents/UnrealProjects/Death-Of-Will/TheDeathOfWill/Content/ThirdPerson/Input/Actions/IA_Jump.uasset" 1378
"C:/Users/Lu1sR/Documents/UnrealProjects/Death-Of-Will/TheDeathOfWill/Content/ThirdPerson/Input/Actions/IA_Jump.uexp" 1379
"../../../Engine/Content/Animation/DefaultAnimCurveCompressionSettings.uasset" 1380
"../../../Engine/Content/Animation/DefaultAnimCurveCompressionSettings.uexp" 1381
"../../../Engine/Content/Animation/DefaultAnimBoneCompressionSettings.uasset" 1382
"../../../Engine/Content/Animation/DefaultAnimBoneCompressionSettings.uexp" 1383
"C:/Users/Lu1sR/Documents/UnrealProjects/Death-Of-Will/TheDeathOfWill/Content/Characters/Mannequins/Animations/Manny/MM_Fall_Loop.uasset" 1384
"C:/Users/Lu1sR/Documents/UnrealProjects/Death-Of-Will/TheDeathOfWill/Content/Characters/Mannequins/Animations/Manny/MM_Fall_Loop.uexp" 1385
"C:/Users/Lu1sR/Documents/UnrealProjects/Death-Of-Will/TheDeathOfWill/Content/Characters/Mannequins/Animations/Manny/MM_Jump.uasset" 1386
"C:/Users/Lu1sR/Documents/UnrealProjects/Death-Of-Will/TheDeathOfWill/Content/Characters/Mannequins/Animations/Manny/MM_Jump.uexp" 1387
"../../../Engine/Plugins/Animation/ControlRig/Content/Controls/DefaultGizmoLibrary.uasset" 1388
"../../../Engine/Plugins/Animation/ControlRig/Content/Controls/DefaultGizmoLibrary.uexp" 1389
"C:/Users/Lu1sR/Documents/UnrealProjects/Death-Of-Will/TheDeathOfWill/Content/Characters/Mannequins/Rigs/CR_Mannequin_BasicFootIK.uasset" 1390
"C:/Users/Lu1sR/Documents/UnrealProjects/Death-Of-Will/TheDeathOfWill/Content/Characters/Mannequins/Rigs/CR_Mannequin_BasicFootIK.uexp" 1391
"C:/Users/Lu1sR/Documents/UnrealProjects/Death-Of-Will/TheDeathOfWill/Content/Characters/Mannequins/Animations/Manny/MM_Run_Fwd.uasset" 1392
"C:/Users/Lu1sR/Documents/UnrealProjects/Death-Of-Will/TheDeathOfWill/Content/Characters/Mannequins/Animations/Manny/MM_Run_Fwd.uexp" 1393
"C:/Users/Lu1sR/Documents/UnrealProjects/Death-Of-Will/TheDeathOfWill/Content/Characters/Mannequins/Animations/Manny/MM_Walk_Fwd.uasset" 1394
"C:/Users/Lu1sR/Documents/UnrealProjects/Death-Of-Will/TheDeathOfWill/Content/Characters/Mannequins/Animations/Manny/MM_Walk_Fwd.uexp" 1395
"../../../Engine/Content/Animation/DefaultRecorderBoneCompression.uasset" 1396
"../../../Engine/Content/Animation/DefaultRecorderBoneCompression.uexp" 1397
"C:/Users/Lu1sR/Documents/UnrealProjects/Death-Of-Will/TheDeathOfWill/Content/Characters/Mannequins/Animations/Manny/MM_Walk_InPlace.uasset" 1398
"C:/Users/Lu1sR/Documents/UnrealProjects/Death-Of-Will/TheDeathOfWill/Content/Characters/Mannequins/Animations/Manny/MM_Walk_InPlace.uexp" 1399
"C:/Users/Lu1sR/Documents/UnrealProjects/Death-Of-Will/TheDeathOfWill/Content/Characters/Mannequins/Animations/Manny/BS_MM_WalkRun.uasset" 1400
"C:/Users/Lu1sR/Documents/UnrealProjects/Death-Of-Will/TheDeathOfWill/Content/Characters/Mannequins/Animations/Manny/BS_MM_WalkRun.uexp" 1401
"C:/Users/Lu1sR/Documents/UnrealProjects/Death-Of-Will/TheDeathOfWill/Content/Characters/Mannequins/Animations/Manny/MM_Land.uasset" 1402
"C:/Users/Lu1sR/Documents/UnrealProjects/Death-Of-Will/TheDeathOfWill/Content/Characters/Mannequins/Animations/Manny/MM_Land.uexp" 1403
"C:/Users/Lu1sR/Documents/UnrealProjects/Death-Of-Will/TheDeathOfWill/Content/Characters/Mannequins/Animations/Manny/MM_Idle.uasset" 1404
"C:/Users/Lu1sR/Documents/UnrealProjects/Death-Of-Will/TheDeathOfWill/Content/Characters/Mannequins/Animations/Manny/MM_Idle.uexp" 1405
"C:/Users/Lu1sR/Documents/UnrealProjects/Death-Of-Will/TheDeathOfWill/Content/Characters/Mannequins/Animations/ABP_Manny.uasset" 1406
"C:/Users/Lu1sR/Documents/UnrealProjects/Death-Of-Will/TheDeathOfWill/Content/Characters/Mannequins/Animations/ABP_Manny.uexp" 1407
"C:/Users/Lu1sR/Documents/UnrealProjects/Death-Of-Will/TheDeathOfWill/Content/ThirdPerson/Input/Actions/IA_Look.uasset" 1408
"C:/Users/Lu1sR/Documents/UnrealProjects/Death-Of-Will/TheDeathOfWill/Content/ThirdPerson/Input/Actions/IA_Look.uexp" 1409
"C:/Users/Lu1sR/Documents/UnrealProjects/Death-Of-Will/TheDeathOfWill/Content/ThirdPerson/Input/Actions/IA_Move.uasset" 1410
"C:/Users/Lu1sR/Documents/UnrealProjects/Death-Of-Will/TheDeathOfWill/Content/ThirdPerson/Input/Actions/IA_Move.uexp" 1411
"C:/Users/Lu1sR/Documents/UnrealProjects/Death-Of-Will/TheDeathOfWill/Content/ThirdPerson/Input/IMC_Default.uasset" 1412
"C:/Users/Lu1sR/Documents/UnrealProjects/Death-Of-Will/TheDeathOfWill/Content/ThirdPerson/Input/IMC_Default.uexp" 1413
"C:/Users/Lu1sR/Documents/UnrealProjects/Death-Of-Will/TheDeathOfWill/Content/Models/CamelMonster/body_n.ubulk" 1414
"C:/Users/Lu1sR/Documents/UnrealProjects/Death-Of-Will/TheDeathOfWill/Content/Models/CamelMonster/body_n.uasset" 1415
"C:/Users/Lu1sR/Documents/UnrealProjects/Death-Of-Will/TheDeathOfWill/Content/Models/CamelMonster/body_n.uexp" 1416
"C:/Users/Lu1sR/Documents/UnrealProjects/Death-Of-Will/TheDeathOfWill/Content/Models/CamelMonster/body.ubulk" 1417
"C:/Users/Lu1sR/Documents/UnrealProjects/Death-Of-Will/TheDeathOfWill/Content/Models/CamelMonster/body.uasset" 1418
"C:/Users/Lu1sR/Documents/UnrealProjects/Death-Of-Will/TheDeathOfWill/Content/Models/CamelMonster/body.uexp" 1419
"C:/Users/Lu1sR/Documents/UnrealProjects/Death-Of-Will/TheDeathOfWill/Content/Models/CamelMonster/body_spec.ubulk" 1420
"C:/Users/Lu1sR/Documents/UnrealProjects/Death-Of-Will/TheDeathOfWill/Content/Models/CamelMonster/body_spec.uasset" 1421
"C:/Users/Lu1sR/Documents/UnrealProjects/Death-Of-Will/TheDeathOfWill/Content/Models/CamelMonster/body_spec.uexp" 1422
"C:/Users/Lu1sR/Documents/UnrealProjects/Death-Of-Will/TheDeathOfWill/Content/Models/CamelMonster/MONSTER08MAT.uasset" 1423
"C:/Users/Lu1sR/Documents/UnrealProjects/Death-Of-Will/TheDeathOfWill/Content/Models/CamelMonster/MONSTER08MAT.uexp" 1424
"C:/Users/Lu1sR/Documents/UnrealProjects/Death-Of-Will/TheDeathOfWill/Content/Models/CamelMonster/Monster_8_PhysicsAsset.uasset" 1425
"C:/Users/Lu1sR/Documents/UnrealProjects/Death-Of-Will/TheDeathOfWill/Content/Models/CamelMonster/Monster_8_PhysicsAsset.uexp" 1426
"C:/Users/Lu1sR/Documents/UnrealProjects/Death-Of-Will/TheDeathOfWill/Content/Models/CamelMonster/Monster_8.uasset" 1427
"C:/Users/Lu1sR/Documents/UnrealProjects/Death-Of-Will/TheDeathOfWill/Content/Models/CamelMonster/Monster_8.uexp" 1428
"C:/Users/Lu1sR/Documents/UnrealProjects/Death-Of-Will/TheDeathOfWill/Content/Audio/monster-growl1.ubulk" 1429
"C:/Users/Lu1sR/Documents/UnrealProjects/Death-Of-Will/TheDeathOfWill/Content/Audio/monster-growl1.uasset" 1430
"C:/Users/Lu1sR/Documents/UnrealProjects/Death-Of-Will/TheDeathOfWill/Content/Audio/monster-growl1.uexp" 1431
"C:/Users/Lu1sR/Documents/UnrealProjects/Death-Of-Will/TheDeathOfWill/Content/AI/SecondP_Entitities/BTTask_ClearBBValue.uasset" 1432
"C:/Users/Lu1sR/Documents/UnrealProjects/Death-Of-Will/TheDeathOfWill/Content/AI/SecondP_Entitities/BTTask_ClearBBValue.uexp" 1433
"C:/Users/Lu1sR/Documents/UnrealProjects/Death-Of-Will/TheDeathOfWill/Content/AI/SecondP_Entitities/BTTask_Patrol.uasset" 1434
"C:/Users/Lu1sR/Documents/UnrealProjects/Death-Of-Will/TheDeathOfWill/Content/AI/SecondP_Entitities/BTTask_Patrol.uexp" 1435
"C:/Users/Lu1sR/Documents/UnrealProjects/Death-Of-Will/TheDeathOfWill/Content/AI/SecondP_Entitities/BB_PerceptionNPC.uasset" 1436
"C:/Users/Lu1sR/Documents/UnrealProjects/Death-Of-Will/TheDeathOfWill/Content/AI/SecondP_Entitities/BB_PerceptionNPC.uexp" 1437
"C:/Users/Lu1sR/Documents/UnrealProjects/Death-Of-Will/TheDeathOfWill/Content/AI/SecondP_Entitities/BT_Camel.uasset" 1438
"C:/Users/Lu1sR/Documents/UnrealProjects/Death-Of-Will/TheDeathOfWill/Content/AI/SecondP_Entitities/BT_Camel.uexp" 1439
"C:/Users/Lu1sR/Documents/UnrealProjects/Death-Of-Will/TheDeathOfWill/Content/AI/SecondP_Entitities/AIC_Camel.uasset" 1440
"C:/Users/Lu1sR/Documents/UnrealProjects/Death-Of-Will/TheDeathOfWill/Content/AI/SecondP_Entitities/AIC_Camel.uexp" 1441
"C:/Users/Lu1sR/Documents/UnrealProjects/Death-Of-Will/TheDeathOfWill/Content/AI/SecondP_Entitities/BP_Camel.uasset" 1442
"C:/Users/Lu1sR/Documents/UnrealProjects/Death-Of-Will/TheDeathOfWill/Content/AI/SecondP_Entitities/BP_Camel.uexp" 1443
"C:/Users/Lu1sR/Documents/UnrealProjects/Death-Of-Will/TheDeathOfWill/Content/Audio/wet-squelchy-impact1.ubulk" 1444
"C:/Users/Lu1sR/Documents/UnrealProjects/Death-Of-Will/TheDeathOfWill/Content/Audio/wet-squelchy-impact1.uasset" 1445
"C:/Users/Lu1sR/Documents/UnrealProjects/Death-Of-Will/TheDeathOfWill/Content/Audio/wet-squelchy-impact1.uexp" 1446
"C:/Users/Lu1sR/Documents/UnrealProjects/Death-Of-Will/TheDeathOfWill/Content/Characters/Mannequins/Rigs/Poses/Manny/Manny_foot_l_pose.uasset" 1447
"C:/Users/Lu1sR/Documents/UnrealProjects/Death-Of-Will/TheDeathOfWill/Content/Characters/Mannequins/Rigs/Poses/Manny/Manny_foot_l_pose.uexp" 1448
"C:/Users/Lu1sR/Documents/UnrealProjects/Death-Of-Will/TheDeathOfWill/Content/Characters/Mannequins/Rigs/Poses/Manny/Manny_thigh_r_pose.uasset" 1449
"C:/Users/Lu1sR/Documents/UnrealProjects/Death-Of-Will/TheDeathOfWill/Content/Characters/Mannequins/Rigs/Poses/Manny/Manny_thigh_r_pose.uexp" 1450
"C:/Users/Lu1sR/Documents/UnrealProjects/Death-Of-Will/TheDeathOfWill/Content/Characters/Mannequins/Rigs/Poses/Manny/Manny_hand_r_pose.uasset" 1451
"C:/Users/Lu1sR/Documents/UnrealProjects/Death-Of-Will/TheDeathOfWill/Content/Characters/Mannequins/Rigs/Poses/Manny/Manny_hand_r_pose.uexp" 1452
"C:/Users/Lu1sR/Documents/UnrealProjects/Death-Of-Will/TheDeathOfWill/Content/Characters/Mannequins/Rigs/Poses/Manny/Manny_clavicle_l_pose.uasset" 1453
"C:/Users/Lu1sR/Documents/UnrealProjects/Death-Of-Will/TheDeathOfWill/Content/Characters/Mannequins/Rigs/Poses/Manny/Manny_clavicle_l_pose.uexp" 1454
"C:/Users/Lu1sR/Documents/UnrealProjects/Death-Of-Will/TheDeathOfWill/Content/Characters/Mannequins/Rigs/Poses/Manny/Manny_calf_l_pose.uasset" 1455
"C:/Users/Lu1sR/Documents/UnrealProjects/Death-Of-Will/TheDeathOfWill/Content/Characters/Mannequins/Rigs/Poses/Manny/Manny_calf_l_pose.uexp" 1456
"C:/Users/Lu1sR/Documents/UnrealProjects/Death-Of-Will/TheDeathOfWill/Content/Characters/Mannequins/Rigs/Poses/Manny/Manny_hand_l_pose.uasset" 1457
"C:/Users/Lu1sR/Documents/UnrealProjects/Death-Of-Will/TheDeathOfWill/Content/Characters/Mannequins/Rigs/Poses/Manny/Manny_hand_l_pose.uexp" 1458
"C:/Users/Lu1sR/Documents/UnrealProjects/Death-Of-Will/TheDeathOfWill/Content/Characters/Mannequins/Rigs/CR_Mannequin_Procedural.uasset" 1459
"C:/Users/Lu1sR/Documents/UnrealProjects/Death-Of-Will/TheDeathOfWill/Content/Characters/Mannequins/Rigs/CR_Mannequin_Procedural.uexp" 1460
"C:/Users/Lu1sR/Documents/UnrealProjects/Death-Of-Will/TheDeathOfWill/Content/Characters/Mannequins/Rigs/Poses/Manny/Manny_upperarm_r_pose.uasset" 1461
"C:/Users/Lu1sR/Documents/UnrealProjects/Death-Of-Will/TheDeathOfWill/Content/Characters/Mannequins/Rigs/Poses/Manny/Manny_upperarm_r_pose.uexp" 1462
"C:/Users/Lu1sR/Documents/UnrealProjects/Death-Of-Will/TheDeathOfWill/Content/Characters/Mannequins/Rigs/Poses/Manny/Manny_lowerarm_r_pose.uasset" 1463
"C:/Users/Lu1sR/Documents/UnrealProjects/Death-Of-Will/TheDeathOfWill/Content/Characters/Mannequins/Rigs/Poses/Manny/Manny_lowerarm_r_pose.uexp" 1464
"C:/Users/Lu1sR/Documents/UnrealProjects/Death-Of-Will/TheDeathOfWill/Content/Characters/Mannequins/Rigs/Poses/Manny/Manny_calf_r_pose.uasset" 1465
"C:/Users/Lu1sR/Documents/UnrealProjects/Death-Of-Will/TheDeathOfWill/Content/Characters/Mannequins/Rigs/Poses/Manny/Manny_calf_r_pose.uexp" 1466
"C:/Users/Lu1sR/Documents/UnrealProjects/Death-Of-Will/TheDeathOfWill/Content/Characters/Mannequins/Rigs/Poses/Manny/Manny_foot_r_pose.uasset" 1467
"C:/Users/Lu1sR/Documents/UnrealProjects/Death-Of-Will/TheDeathOfWill/Content/Characters/Mannequins/Rigs/Poses/Manny/Manny_foot_r_pose.uexp" 1468
"C:/Users/Lu1sR/Documents/UnrealProjects/Death-Of-Will/TheDeathOfWill/Content/Characters/Mannequins/Rigs/Poses/Manny/Manny_lowerarm_l_pose.uasset" 1469
"C:/Users/Lu1sR/Documents/UnrealProjects/Death-Of-Will/TheDeathOfWill/Content/Characters/Mannequins/Rigs/Poses/Manny/Manny_lowerarm_l_pose.uexp" 1470
"C:/Users/Lu1sR/Documents/UnrealProjects/Death-Of-Will/TheDeathOfWill/Content/Characters/Mannequins/Rigs/Poses/Manny/Manny_clavicle_r_pose.uasset" 1471
"C:/Users/Lu1sR/Documents/UnrealProjects/Death-Of-Will/TheDeathOfWill/Content/Characters/Mannequins/Rigs/Poses/Manny/Manny_clavicle_r_pose.uexp" 1472
"C:/Users/Lu1sR/Documents/UnrealProjects/Death-Of-Will/TheDeathOfWill/Content/Characters/Mannequins/Rigs/Poses/Manny/Manny_thigh_l_pose.uasset" 1473
"C:/Users/Lu1sR/Documents/UnrealProjects/Death-Of-Will/TheDeathOfWill/Content/Characters/Mannequins/Rigs/Poses/Manny/Manny_thigh_l_pose.uexp" 1474
"C:/Users/Lu1sR/Documents/UnrealProjects/Death-Of-Will/TheDeathOfWill/Content/Characters/Mannequins/Rigs/Poses/Manny/Manny_upperarm_l_pose.uasset" 1475
"C:/Users/Lu1sR/Documents/UnrealProjects/Death-Of-Will/TheDeathOfWill/Content/Characters/Mannequins/Rigs/Poses/Manny/Manny_upperarm_l_pose.uexp" 1476
"C:/Users/Lu1sR/Documents/UnrealProjects/Death-Of-Will/TheDeathOfWill/Content/Characters/Mannequins/Rigs/ABP_Manny_PostProcess.uasset" 1477
"C:/Users/Lu1sR/Documents/UnrealProjects/Death-Of-Will/TheDeathOfWill/Content/Characters/Mannequins/Rigs/ABP_Manny_PostProcess.uexp" 1478
"C:/Users/Lu1sR/Documents/UnrealProjects/Death-Of-Will/TheDeathOfWill/Content/Characters/Mannequins/Textures/Manny/T_Manny_02_MSR_MSK.ubulk" 1479
"C:/Users/Lu1sR/Documents/UnrealProjects/Death-Of-Will/TheDeathOfWill/Content/Characters/Mannequins/Textures/Manny/T_Manny_02_MSR_MSK.uasset" 1480
"C:/Users/Lu1sR/Documents/UnrealProjects/Death-Of-Will/TheDeathOfWill/Content/Characters/Mannequins/Textures/Manny/T_Manny_02_MSR_MSK.uexp" 1481
"C:/Users/Lu1sR/Documents/UnrealProjects/Death-Of-Will/TheDeathOfWill/Content/Characters/Mannequins/Textures/Manny/T_Manny_02_CCRCCPlastic_MSK.ubulk" 1482
"C:/Users/Lu1sR/Documents/UnrealProjects/Death-Of-Will/TheDeathOfWill/Content/Characters/Mannequins/Textures/Manny/T_Manny_02_CCRCCPlastic_MSK.uasset" 1483
"C:/Users/Lu1sR/Documents/UnrealProjects/Death-Of-Will/TheDeathOfWill/Content/Characters/Mannequins/Textures/Manny/T_Manny_02_CCRCCPlastic_MSK.uexp" 1484
"C:/Users/Lu1sR/Documents/UnrealProjects/Death-Of-Will/TheDeathOfWill/Content/Characters/Mannequins/Textures/Manny/T_Manny_02_Tan.ubulk" 1485
"C:/Users/Lu1sR/Documents/UnrealProjects/Death-Of-Will/TheDeathOfWill/Content/Characters/Mannequins/Textures/Manny/T_Manny_02_Tan.uasset" 1486
"C:/Users/Lu1sR/Documents/UnrealProjects/Death-Of-Will/TheDeathOfWill/Content/Characters/Mannequins/Textures/Manny/T_Manny_02_Tan.uexp" 1487
"C:/Users/Lu1sR/Documents/UnrealProjects/Death-Of-Will/TheDeathOfWill/Content/Characters/Mannequins/Textures/Manny/T_Manny_02_N.ubulk" 1488
"C:/Users/Lu1sR/Documents/UnrealProjects/Death-Of-Will/TheDeathOfWill/Content/Characters/Mannequins/Textures/Manny/T_Manny_02_N.uasset" 1489
"C:/Users/Lu1sR/Documents/UnrealProjects/Death-Of-Will/TheDeathOfWill/Content/Characters/Mannequins/Textures/Manny/T_Manny_02_N.uexp" 1490
"C:/Users/Lu1sR/Documents/UnrealProjects/Death-Of-Will/TheDeathOfWill/Content/Characters/Mannequins/Materials/Instances/Manny/MI_Manny_01.uasset" 1491
"C:/Users/Lu1sR/Documents/UnrealProjects/Death-Of-Will/TheDeathOfWill/Content/Characters/Mannequins/Materials/Instances/Manny/MI_Manny_01.uexp" 1492
"C:/Users/Lu1sR/Documents/UnrealProjects/Death-Of-Will/TheDeathOfWill/Content/Characters/Mannequins/Textures/Manny/T_Manny_02_BN.ubulk" 1493
"C:/Users/Lu1sR/Documents/UnrealProjects/Death-Of-Will/TheDeathOfWill/Content/Characters/Mannequins/Textures/Manny/T_Manny_02_BN.uasset" 1494
"C:/Users/Lu1sR/Documents/UnrealProjects/Death-Of-Will/TheDeathOfWill/Content/Characters/Mannequins/Textures/Manny/T_Manny_02_BN.uexp" 1495
"C:/Users/Lu1sR/Documents/UnrealProjects/Death-Of-Will/TheDeathOfWill/Content/Characters/Mannequins/Textures/Manny/T_Manny_02_ASAOPMASK_MSK.ubulk" 1496
"C:/Users/Lu1sR/Documents/UnrealProjects/Death-Of-Will/TheDeathOfWill/Content/Characters/Mannequins/Textures/Manny/T_Manny_02_ASAOPMASK_MSK.uasset" 1497
"C:/Users/Lu1sR/Documents/UnrealProjects/Death-Of-Will/TheDeathOfWill/Content/Characters/Mannequins/Textures/Manny/T_Manny_02_ASAOPMASK_MSK.uexp" 1498
"C:/Users/Lu1sR/Documents/UnrealProjects/Death-Of-Will/TheDeathOfWill/Content/Characters/Mannequins/Textures/Manny/T_Manny_02_D.ubulk" 1499
"C:/Users/Lu1sR/Documents/UnrealProjects/Death-Of-Will/TheDeathOfWill/Content/Characters/Mannequins/Textures/Manny/T_Manny_02_D.uasset" 1500
"C:/Users/Lu1sR/Documents/UnrealProjects/Death-Of-Will/TheDeathOfWill/Content/Characters/Mannequins/Textures/Manny/T_Manny_02_D.uexp" 1501
"C:/Users/Lu1sR/Documents/UnrealProjects/Death-Of-Will/TheDeathOfWill/Content/Characters/Mannequins/Materials/Instances/Manny/MI_Manny_02.uasset" 1502
"C:/Users/Lu1sR/Documents/UnrealProjects/Death-Of-Will/TheDeathOfWill/Content/Characters/Mannequins/Materials/Instances/Manny/MI_Manny_02.uexp" 1503
"C:/Users/Lu1sR/Documents/UnrealProjects/Death-Of-Will/TheDeathOfWill/Content/Characters/Mannequins/Meshes/SKM_Manny.uasset" 1504
"C:/Users/Lu1sR/Documents/UnrealProjects/Death-Of-Will/TheDeathOfWill/Content/Characters/Mannequins/Meshes/SKM_Manny.uexp" 1505
"C:/Users/Lu1sR/Documents/UnrealProjects/Death-Of-Will/TheDeathOfWill/Content/Animations/RTG_Outward_Slash_Anim.uasset" 1506
"C:/Users/Lu1sR/Documents/UnrealProjects/Death-Of-Will/TheDeathOfWill/Content/Animations/RTG_Outward_Slash_Anim.uexp" 1507
"C:/Users/Lu1sR/Documents/UnrealProjects/Death-Of-Will/TheDeathOfWill/Content/Animations/Outward_Slash_Skeleton.uasset" 1508
"C:/Users/Lu1sR/Documents/UnrealProjects/Death-Of-Will/TheDeathOfWill/Content/Animations/Outward_Slash_Skeleton.uexp" 1509
"C:/Users/Lu1sR/Documents/UnrealProjects/Death-Of-Will/TheDeathOfWill/Content/Animations/Outward_Slash_Anim.uasset" 1510
"C:/Users/Lu1sR/Documents/UnrealProjects/Death-Of-Will/TheDeathOfWill/Content/Animations/Outward_Slash_Anim.uexp" 1511
"C:/Users/Lu1sR/Documents/UnrealProjects/Death-Of-Will/TheDeathOfWill/Content/Animations/RTG_Outward_Slash_Anim_Montage.uasset" 1512
"C:/Users/Lu1sR/Documents/UnrealProjects/Death-Of-Will/TheDeathOfWill/Content/Animations/RTG_Outward_Slash_Anim_Montage.uexp" 1513
"C:/Users/Lu1sR/Documents/UnrealProjects/Death-Of-Will/TheDeathOfWill/Content/Models/BlobMonster/RTG_AutoGenerated.uasset" 1514
"C:/Users/Lu1sR/Documents/UnrealProjects/Death-Of-Will/TheDeathOfWill/Content/Models/BlobMonster/RTG_AutoGenerated.uexp" 1515
"C:/Users/Lu1sR/Documents/UnrealProjects/Death-Of-Will/TheDeathOfWill/Content/Models/BlobMonster/Idle_Skeleton.uasset" 1516
"C:/Users/Lu1sR/Documents/UnrealProjects/Death-Of-Will/TheDeathOfWill/Content/Models/BlobMonster/Idle_Skeleton.uexp" 1517
"C:/Users/Lu1sR/Documents/UnrealProjects/Death-Of-Will/TheDeathOfWill/Content/Models/BlobMonster/AB_BlobMonster.uasset" 1518
"C:/Users/Lu1sR/Documents/UnrealProjects/Death-Of-Will/TheDeathOfWill/Content/Models/BlobMonster/AB_BlobMonster.uexp" 1519
"C:/Users/Lu1sR/Documents/UnrealProjects/Death-Of-Will/TheDeathOfWill/Content/Characters/Mannequins/Animations/Quinn/MF_Run_Fwd.uasset" 1520
"C:/Users/Lu1sR/Documents/UnrealProjects/Death-Of-Will/TheDeathOfWill/Content/Characters/Mannequins/Animations/Quinn/MF_Run_Fwd.uexp" 1521
"C:/Users/Lu1sR/Documents/UnrealProjects/Death-Of-Will/TheDeathOfWill/Content/Characters/Mannequins/Animations/Quinn/MF_Walk_Fwd.uasset" 1522
"C:/Users/Lu1sR/Documents/UnrealProjects/Death-Of-Will/TheDeathOfWill/Content/Characters/Mannequins/Animations/Quinn/MF_Walk_Fwd.uexp" 1523
"C:/Users/Lu1sR/Documents/UnrealProjects/Death-Of-Will/TheDeathOfWill/Content/Characters/Mannequins/Animations/Quinn/BS_MF_Unarmed_WalkRun.uasset" 1524
"C:/Users/Lu1sR/Documents/UnrealProjects/Death-Of-Will/TheDeathOfWill/Content/Characters/Mannequins/Animations/Quinn/BS_MF_Unarmed_WalkRun.uexp" 1525
"C:/Users/Lu1sR/Documents/UnrealProjects/Death-Of-Will/TheDeathOfWill/Content/Characters/Mannequins/Animations/Quinn/MF_Idle.uasset" 1526
"C:/Users/Lu1sR/Documents/UnrealProjects/Death-Of-Will/TheDeathOfWill/Content/Characters/Mannequins/Animations/Quinn/MF_Idle.uexp" 1527
"C:/Users/Lu1sR/Documents/UnrealProjects/Death-Of-Will/TheDeathOfWill/Content/Characters/Mannequins/Animations/ABP_Quinn.uasset" 1528
"C:/Users/Lu1sR/Documents/UnrealProjects/Death-Of-Will/TheDeathOfWill/Content/Characters/Mannequins/Animations/ABP_Quinn.uexp" 1529
"C:/Users/Lu1sR/Documents/UnrealProjects/Death-Of-Will/TheDeathOfWill/Content/Models/BlobMonster/normal_SUPER.ubulk" 1530
"C:/Users/Lu1sR/Documents/UnrealProjects/Death-Of-Will/TheDeathOfWill/Content/Models/BlobMonster/normal_SUPER.uasset" 1531
"C:/Users/Lu1sR/Documents/UnrealProjects/Death-Of-Will/TheDeathOfWill/Content/Models/BlobMonster/normal_SUPER.uexp" 1532
"../../../Engine/Plugins/Interchange/Assets/Content/Functions/MF_PhongToMetalRoughness.uasset" 1533
"../../../Engine/Plugins/Interchange/Assets/Content/Functions/MF_PhongToMetalRoughness.uexp" 1534
"C:/Users/Lu1sR/Documents/UnrealProjects/Death-Of-Will/TheDeathOfWill/Content/Models/BlobMonster/mm_ao.ubulk" 1535
"C:/Users/Lu1sR/Documents/UnrealProjects/Death-Of-Will/TheDeathOfWill/Content/Models/BlobMonster/mm_ao.uasset" 1536
"C:/Users/Lu1sR/Documents/UnrealProjects/Death-Of-Will/TheDeathOfWill/Content/Models/BlobMonster/mm_ao.uexp" 1537
"C:/Users/Lu1sR/Documents/UnrealProjects/Death-Of-Will/TheDeathOfWill/Content/Models/BlobMonster/MONSTER_artbreed_vcols.ubulk" 1538
"C:/Users/Lu1sR/Documents/UnrealProjects/Death-Of-Will/TheDeathOfWill/Content/Models/BlobMonster/MONSTER_artbreed_vcols.uasset" 1539
"C:/Users/Lu1sR/Documents/UnrealProjects/Death-Of-Will/TheDeathOfWill/Content/Models/BlobMonster/MONSTER_artbreed_vcols.uexp" 1540
"C:/Users/Lu1sR/Documents/UnrealProjects/Death-Of-Will/TheDeathOfWill/Content/Models/BlobMonster/defaultMat.uasset" 1541
"C:/Users/Lu1sR/Documents/UnrealProjects/Death-Of-Will/TheDeathOfWill/Content/Models/BlobMonster/defaultMat.uexp" 1542
"C:/Users/Lu1sR/Documents/UnrealProjects/Death-Of-Will/TheDeathOfWill/Content/Models/BlobMonster/Idle_PhysicsAsset.uasset" 1543
"C:/Users/Lu1sR/Documents/UnrealProjects/Death-Of-Will/TheDeathOfWill/Content/Models/BlobMonster/Idle_PhysicsAsset.uexp" 1544
"C:/Users/Lu1sR/Documents/UnrealProjects/Death-Of-Will/TheDeathOfWill/Content/Models/BlobMonster/Idle.uasset" 1545
"C:/Users/Lu1sR/Documents/UnrealProjects/Death-Of-Will/TheDeathOfWill/Content/Models/BlobMonster/Idle.uexp" 1546
"C:/Users/Lu1sR/Documents/UnrealProjects/Death-Of-Will/TheDeathOfWill/Content/AI/Humanoid/BB_HumanoidEntity.uasset" 1547
"C:/Users/Lu1sR/Documents/UnrealProjects/Death-Of-Will/TheDeathOfWill/Content/AI/Humanoid/BB_HumanoidEntity.uexp" 1548
"C:/Users/Lu1sR/Documents/UnrealProjects/Death-Of-Will/TheDeathOfWill/Content/AI/Humanoid/BTTask_HumanoidAttack.uasset" 1549
"C:/Users/Lu1sR/Documents/UnrealProjects/Death-Of-Will/TheDeathOfWill/Content/AI/Humanoid/BTTask_HumanoidAttack.uexp" 1550
"C:/Users/Lu1sR/Documents/UnrealProjects/Death-Of-Will/TheDeathOfWill/Content/Audio/monster-growl.ubulk" 1551
"C:/Users/Lu1sR/Documents/UnrealProjects/Death-Of-Will/TheDeathOfWill/Content/Audio/monster-growl.uasset" 1552
"C:/Users/Lu1sR/Documents/UnrealProjects/Death-Of-Will/TheDeathOfWill/Content/Audio/monster-growl.uexp" 1553
"C:/Users/Lu1sR/Documents/UnrealProjects/Death-Of-Will/TheDeathOfWill/Content/AI/Humanoid/BTTask_HumanoidChase.uasset" 1554
"C:/Users/Lu1sR/Documents/UnrealProjects/Death-Of-Will/TheDeathOfWill/Content/AI/Humanoid/BTTask_HumanoidChase.uexp" 1555
"C:/Users/Lu1sR/Documents/UnrealProjects/Death-Of-Will/TheDeathOfWill/Content/AI/Humanoid/BTTask_RandomRadiusPoints.uasset" 1556
"C:/Users/Lu1sR/Documents/UnrealProjects/Death-Of-Will/TheDeathOfWill/Content/AI/Humanoid/BTTask_RandomRadiusPoints.uexp" 1557
"C:/Users/Lu1sR/Documents/UnrealProjects/Death-Of-Will/TheDeathOfWill/Content/AI/BTDecorator_CheckBoolean.uasset" 1558
"C:/Users/Lu1sR/Documents/UnrealProjects/Death-Of-Will/TheDeathOfWill/Content/AI/BTDecorator_CheckBoolean.uexp" 1559
"C:/Users/Lu1sR/Documents/UnrealProjects/Death-Of-Will/TheDeathOfWill/Content/AI/Humanoid/BT_HumanoidEntity.uasset" 1560
"C:/Users/Lu1sR/Documents/UnrealProjects/Death-Of-Will/TheDeathOfWill/Content/AI/Humanoid/BT_HumanoidEntity.uexp" 1561
"C:/Users/Lu1sR/Documents/UnrealProjects/Death-Of-Will/TheDeathOfWill/Content/AI/Humanoid/AIC_HumanoidEntity.uasset" 1562
"C:/Users/Lu1sR/Documents/UnrealProjects/Death-Of-Will/TheDeathOfWill/Content/AI/Humanoid/AIC_HumanoidEntity.uexp" 1563
"C:/Users/Lu1sR/Documents/UnrealProjects/Death-Of-Will/TheDeathOfWill/Content/Blueprints/BP_HumanoidEntity.uasset" 1564
"C:/Users/Lu1sR/Documents/UnrealProjects/Death-Of-Will/TheDeathOfWill/Content/Blueprints/BP_HumanoidEntity.uexp" 1565
"C:/Users/Lu1sR/Documents/UnrealProjects/Death-Of-Will/TheDeathOfWill/Content/Blueprints/UI_RoundsHUD.uasset" 1566
"C:/Users/Lu1sR/Documents/UnrealProjects/Death-Of-Will/TheDeathOfWill/Content/Blueprints/UI_RoundsHUD.uexp" 1567
"C:/Users/Lu1sR/Documents/UnrealProjects/Death-Of-Will/TheDeathOfWill/Content/Blueprints/BP_SpawnPoint.uasset" 1568
"C:/Users/Lu1sR/Documents/UnrealProjects/Death-Of-Will/TheDeathOfWill/Content/Blueprints/BP_SpawnPoint.uexp" 1569
"../../../Engine/Content/BasicShapes/Cube.ubulk" 1570
"../../../Engine/Content/BasicShapes/Cube.uasset" 1571
"../../../Engine/Content/BasicShapes/Cube.uexp" 1572
"../../../Engine/Content/BasicShapes/BasicShapeMaterial.uasset" 1573
"../../../Engine/Content/BasicShapes/BasicShapeMaterial.uexp" 1574
"C:/Users/Lu1sR/Documents/UnrealProjects/Death-Of-Will/TheDeathOfWill/Content/Blueprints/BP_WillItem.uasset" 1575
"C:/Users/Lu1sR/Documents/UnrealProjects/Death-Of-Will/TheDeathOfWill/Content/Blueprints/BP_WillItem.uexp" 1576
"C:/Users/Lu1sR/Documents/UnrealProjects/Death-Of-Will/TheDeathOfWill/Content/Blueprints/BP_Spawner.uasset" 1577
"C:/Users/Lu1sR/Documents/UnrealProjects/Death-Of-Will/TheDeathOfWill/Content/Blueprints/BP_Spawner.uexp" 1578
"C:/Users/Lu1sR/Documents/UnrealProjects/Death-Of-Will/TheDeathOfWill/Content/Materials/Sprites/damageOverlay.ubulk" 1579
"C:/Users/Lu1sR/Documents/UnrealProjects/Death-Of-Will/TheDeathOfWill/Content/Materials/Sprites/damageOverlay.uasset" 1580
"C:/Users/Lu1sR/Documents/UnrealProjects/Death-Of-Will/TheDeathOfWill/Content/Materials/Sprites/damageOverlay.uexp" 1581
"C:/Users/Lu1sR/Documents/UnrealProjects/Death-Of-Will/TheDeathOfWill/Content/Blueprints/UI_DamageEffect.uasset" 1582
"C:/Users/Lu1sR/Documents/UnrealProjects/Death-Of-Will/TheDeathOfWill/Content/Blueprints/UI_DamageEffect.uexp" 1583
"C:/Users/Lu1sR/Documents/UnrealProjects/Death-Of-Will/TheDeathOfWill/Content/Blueprints/BP_RoundManager.uasset" 1584
"C:/Users/Lu1sR/Documents/UnrealProjects/Death-Of-Will/TheDeathOfWill/Content/Blueprints/BP_RoundManager.uexp" 1585
"C:/Users/Lu1sR/Documents/UnrealProjects/Death-Of-Will/TheDeathOfWill/Content/FirstPerson/Input/Actions/IA_Jump.uasset" 1586
"C:/Users/Lu1sR/Documents/UnrealProjects/Death-Of-Will/TheDeathOfWill/Content/FirstPerson/Input/Actions/IA_Jump.uexp" 1587
"C:/Users/Lu1sR/Documents/UnrealProjects/Death-Of-Will/TheDeathOfWill/Content/FirstPerson/Input/IMC_Default.uasset" 1588
"C:/Users/Lu1sR/Documents/UnrealProjects/Death-Of-Will/TheDeathOfWill/Content/FirstPerson/Input/IMC_Default.uexp" 1589
"C:/Users/Lu1sR/Documents/UnrealProjects/Death-Of-Will/TheDeathOfWill/Content/Audio/alternate_realities.ubulk" 1590
"C:/Users/Lu1sR/Documents/UnrealProjects/Death-Of-Will/TheDeathOfWill/Content/Audio/alternate_realities.uasset" 1591
"C:/Users/Lu1sR/Documents/UnrealProjects/Death-Of-Will/TheDeathOfWill/Content/Audio/alternate_realities.uexp" 1592
"C:/Users/Lu1sR/Documents/UnrealProjects/Death-Of-Will/TheDeathOfWill/Content/Blueprints/HeadBobbing/BP_WalkHB.uasset" 1593
"C:/Users/Lu1sR/Documents/UnrealProjects/Death-Of-Will/TheDeathOfWill/Content/Blueprints/HeadBobbing/BP_WalkHB.uexp" 1594
"C:/Users/Lu1sR/Documents/UnrealProjects/Death-Of-Will/TheDeathOfWill/Content/Blueprints/HeadBobbing/BP_IdleHB.uasset" 1595
"C:/Users/Lu1sR/Documents/UnrealProjects/Death-Of-Will/TheDeathOfWill/Content/Blueprints/HeadBobbing/BP_IdleHB.uexp" 1596
"C:/Users/Lu1sR/Documents/UnrealProjects/Death-Of-Will/TheDeathOfWill/Content/FirstPersonArms/Animations/FP_Rifle_Idle.uasset" 1597
"C:/Users/Lu1sR/Documents/UnrealProjects/Death-Of-Will/TheDeathOfWill/Content/FirstPersonArms/Animations/FP_Rifle_Idle.uexp" 1598
"C:/Users/Lu1sR/Documents/UnrealProjects/Death-Of-Will/TheDeathOfWill/Content/FirstPersonArms/Animations/FP_Rifle_Land.uasset" 1599
"C:/Users/Lu1sR/Documents/UnrealProjects/Death-Of-Will/TheDeathOfWill/Content/FirstPersonArms/Animations/FP_Rifle_Land.uexp" 1600
"C:/Users/Lu1sR/Documents/UnrealProjects/Death-Of-Will/TheDeathOfWill/Content/FirstPersonArms/Animations/FP_Rifle_Run.uasset" 1601
"C:/Users/Lu1sR/Documents/UnrealProjects/Death-Of-Will/TheDeathOfWill/Content/FirstPersonArms/Animations/FP_Rifle_Run.uexp" 1602
"C:/Users/Lu1sR/Documents/UnrealProjects/Death-Of-Will/TheDeathOfWill/Content/FirstPersonArms/Animations/FP_Rifle_Falling.uasset" 1603
"C:/Users/Lu1sR/Documents/UnrealProjects/Death-Of-Will/TheDeathOfWill/Content/FirstPersonArms/Animations/FP_Rifle_Falling.uexp" 1604
"C:/Users/Lu1sR/Documents/UnrealProjects/Death-Of-Will/TheDeathOfWill/Content/FirstPersonArms/Animations/FP_Idle.uasset" 1605
"C:/Users/Lu1sR/Documents/UnrealProjects/Death-Of-Will/TheDeathOfWill/Content/FirstPersonArms/Animations/FP_Idle.uexp" 1606
"C:/Users/Lu1sR/Documents/UnrealProjects/Death-Of-Will/TheDeathOfWill/Content/FirstPersonArms/Animations/FP_Jump.uasset" 1607
"C:/Users/Lu1sR/Documents/UnrealProjects/Death-Of-Will/TheDeathOfWill/Content/FirstPersonArms/Animations/FP_Jump.uexp" 1608
"C:/Users/Lu1sR/Documents/UnrealProjects/Death-Of-Will/TheDeathOfWill/Content/FirstPersonArms/Animations/FP_Run_Fwd.uasset" 1609
"C:/Users/Lu1sR/Documents/UnrealProjects/Death-Of-Will/TheDeathOfWill/Content/FirstPersonArms/Animations/FP_Run_Fwd.uexp" 1610
"C:/Users/Lu1sR/Documents/UnrealProjects/Death-Of-Will/TheDeathOfWill/Content/FirstPersonArms/Animations/FP_Land.uasset" 1611
"C:/Users/Lu1sR/Documents/UnrealProjects/Death-Of-Will/TheDeathOfWill/Content/FirstPersonArms/Animations/FP_Land.uexp" 1612
"C:/Users/Lu1sR/Documents/UnrealProjects/Death-Of-Will/TheDeathOfWill/Content/FirstPersonArms/Animations/FP_Falling.uasset" 1613
"C:/Users/Lu1sR/Documents/UnrealProjects/Death-Of-Will/TheDeathOfWill/Content/FirstPersonArms/Animations/FP_Falling.uexp" 1614
"C:/Users/Lu1sR/Documents/UnrealProjects/Death-Of-Will/TheDeathOfWill/Content/FirstPersonArms/Animations/FP_Rifle_Jump.uasset" 1615
"C:/Users/Lu1sR/Documents/UnrealProjects/Death-Of-Will/TheDeathOfWill/Content/FirstPersonArms/Animations/FP_Rifle_Jump.uexp" 1616
"C:/Users/Lu1sR/Documents/UnrealProjects/Death-Of-Will/TheDeathOfWill/Content/FirstPersonArms/Animations/FirstPerson_AnimBP.uasset" 1617
"C:/Users/Lu1sR/Documents/UnrealProjects/Death-Of-Will/TheDeathOfWill/Content/FirstPersonArms/Animations/FirstPerson_AnimBP.uexp" 1618
"C:/Users/Lu1sR/Documents/UnrealProjects/Death-Of-Will/TheDeathOfWill/Content/FirstPerson/Blueprints/BP_FirstPersonCharacter.uasset" 1619
"C:/Users/Lu1sR/Documents/UnrealProjects/Death-Of-Will/TheDeathOfWill/Content/FirstPerson/Blueprints/BP_FirstPersonCharacter.uexp" 1620
"C:/Users/Lu1sR/Documents/UnrealProjects/Death-Of-Will/TheDeathOfWill/Content/FirstPerson/Blueprints/BP_FirstPersonGameMode.uasset" 1621
"C:/Users/Lu1sR/Documents/UnrealProjects/Death-Of-Will/TheDeathOfWill/Content/FirstPerson/Blueprints/BP_FirstPersonGameMode.uexp" 1622
"C:/Users/Lu1sR/Documents/UnrealProjects/Death-Of-Will/TheDeathOfWill/Content/MoStreetProps/Textures/T_Inperfection_N.ubulk" 1623
"C:/Users/Lu1sR/Documents/UnrealProjects/Death-Of-Will/TheDeathOfWill/Content/MoStreetProps/Textures/T_Inperfection_N.uasset" 1624
"C:/Users/Lu1sR/Documents/UnrealProjects/Death-Of-Will/TheDeathOfWill/Content/MoStreetProps/Textures/T_Inperfection_N.uexp" 1625
"C:/Users/Lu1sR/Documents/UnrealProjects/Death-Of-Will/TheDeathOfWill/Content/MoStreetProps/Textures/T_Inperfection_A.ubulk" 1626
"C:/Users/Lu1sR/Documents/UnrealProjects/Death-Of-Will/TheDeathOfWill/Content/MoStreetProps/Textures/T_Inperfection_A.uasset" 1627
"C:/Users/Lu1sR/Documents/UnrealProjects/Death-Of-Will/TheDeathOfWill/Content/MoStreetProps/Textures/T_Inperfection_A.uexp" 1628
"C:/Users/Lu1sR/Documents/UnrealProjects/Death-Of-Will/TheDeathOfWill/Content/MoStreetProps/Textures/T_Inperfection_ORM.ubulk" 1629
"C:/Users/Lu1sR/Documents/UnrealProjects/Death-Of-Will/TheDeathOfWill/Content/MoStreetProps/Textures/T_Inperfection_ORM.uasset" 1630
"C:/Users/Lu1sR/Documents/UnrealProjects/Death-Of-Will/TheDeathOfWill/Content/MoStreetProps/Textures/T_Inperfection_ORM.uexp" 1631
"C:/Users/Lu1sR/Documents/UnrealProjects/Death-Of-Will/TheDeathOfWill/Content/MoStreetProps/Materials/M_Base_Master.uasset" 1632
"C:/Users/Lu1sR/Documents/UnrealProjects/Death-Of-Will/TheDeathOfWill/Content/MoStreetProps/Materials/M_Base_Master.uexp" 1633
"C:/Users/Lu1sR/Documents/UnrealProjects/Death-Of-Will/TheDeathOfWill/Content/MoStreetProps/Materials/MI_BlueMetal_Inst.uasset" 1634
"C:/Users/Lu1sR/Documents/UnrealProjects/Death-Of-Will/TheDeathOfWill/Content/MoStreetProps/Materials/MI_BlueMetal_Inst.uexp" 1635
"../../../Engine/Plugins/Experimental/Water/Content/Meshes/LakeMesh.ubulk" 1636
"../../../Engine/Plugins/Experimental/Water/Content/Meshes/LakeMesh.uasset" 1637
"../../../Engine/Plugins/Experimental/Water/Content/Meshes/LakeMesh.uexp" 1638
"C:/Users/Lu1sR/Documents/UnrealProjects/Death-Of-Will/TheDeathOfWill/Content/MoStreetProps/Materials/MI_RedMetal_Inst.uasset" 1639
"C:/Users/Lu1sR/Documents/UnrealProjects/Death-Of-Will/TheDeathOfWill/Content/MoStreetProps/Materials/MI_RedMetal_Inst.uexp" 1640
"C:/Users/Lu1sR/Documents/UnrealProjects/Death-Of-Will/TheDeathOfWill/Content/Materials/Fonts/Monotage_Sans_Regular.uexp" 1641
"C:/Users/Lu1sR/Documents/UnrealProjects/Death-Of-Will/TheDeathOfWill/Content/Materials/Fonts/Monotage_Sans_Regular.uasset" 1642
"C:/Users/Lu1sR/Documents/UnrealProjects/Death-Of-Will/TheDeathOfWill/Content/Materials/Fonts/Monotage_Sans_Regular.ufont" 1643
"C:/Users/Lu1sR/Documents/UnrealProjects/Death-Of-Will/TheDeathOfWill/Content/Materials/Fonts/Monotage_Sans_Regular_Font.uasset" 1644
"C:/Users/Lu1sR/Documents/UnrealProjects/Death-Of-Will/TheDeathOfWill/Content/Materials/Fonts/Monotage_Sans_Regular_Font.uexp" 1645
"C:/Users/Lu1sR/Documents/UnrealProjects/Death-Of-Will/TheDeathOfWill/Content/Blueprints/UI_StartMessage.uasset" 1646
"C:/Users/Lu1sR/Documents/UnrealProjects/Death-Of-Will/TheDeathOfWill/Content/Blueprints/UI_StartMessage.uexp" 1647
"../../../Engine/Content/Functions/Engine_MaterialFunctions02/ExampleContent/Textures/water_d.ubulk" 1648
"../../../Engine/Content/Functions/Engine_MaterialFunctions02/ExampleContent/Textures/water_d.uasset" 1649
"../../../Engine/Content/Functions/Engine_MaterialFunctions02/ExampleContent/Textures/water_d.uexp" 1650
"../../../Engine/Content/Functions/Engine_MaterialFunctions02/ExampleContent/Textures/water_n.ubulk" 1651
"../../../Engine/Content/Functions/Engine_MaterialFunctions02/ExampleContent/Textures/water_n.uasset" 1652
"../../../Engine/Content/Functions/Engine_MaterialFunctions02/ExampleContent/Textures/water_n.uexp" 1653
"../../../Engine/Content/EngineResources/DefaultTexture.ubulk" 1654
"../../../Engine/Content/EngineResources/DefaultTexture.uasset" 1655
"../../../Engine/Content/EngineResources/DefaultTexture.uexp" 1656
"../../../Engine/Content/EngineResources/Black.uasset" 1657
"../../../Engine/Content/EngineResources/Black.uexp" 1658
"../../../Engine/Plugins/Experimental/Water/Content/Materials/WaterSurface/Water_Material_Inst.uasset" 1659
"../../../Engine/Plugins/Experimental/Water/Content/Materials/WaterSurface/Water_Material_Inst.uexp" 1660
"../../../Engine/Plugins/Experimental/Water/Content/Materials/WaterSurface/Water_Material_Lake.uasset" 1661
"../../../Engine/Plugins/Experimental/Water/Content/Materials/WaterSurface/Water_Material_Lake.uexp" 1662
"../../../Engine/Plugins/Experimental/Water/Content/Materials/WaterSurface/LODs/Water_Material_Lake_LOD.uasset" 1663
"../../../Engine/Plugins/Experimental/Water/Content/Materials/WaterSurface/LODs/Water_Material_Lake_LOD.uexp" 1664
"C:/Users/Lu1sR/Documents/UnrealProjects/Death-Of-Will/TheDeathOfWill/Content/Niagara/NS_SafeZone.uasset" 1665
"C:/Users/Lu1sR/Documents/UnrealProjects/Death-Of-Will/TheDeathOfWill/Content/Niagara/NS_SafeZone.uexp" 1666
"C:/Users/Lu1sR/Documents/UnrealProjects/Death-Of-Will/TheDeathOfWill/Content/Blueprints/BP_SafeZone.uasset" 1667
"C:/Users/Lu1sR/Documents/UnrealProjects/Death-Of-Will/TheDeathOfWill/Content/Blueprints/BP_SafeZone.uexp" 1668
"C:/Users/Lu1sR/Documents/UnrealProjects/Death-Of-Will/TheDeathOfWill/Content/MoStreetProps/Materials/MI_GreenMetal_Inst.uasset" 1669
"C:/Users/Lu1sR/Documents/UnrealProjects/Death-Of-Will/TheDeathOfWill/Content/MoStreetProps/Materials/MI_GreenMetal_Inst.uexp" 1670
"C:/Users/Lu1sR/Documents/UnrealProjects/Death-Of-Will/TheDeathOfWill/Content/MoStreetProps/Materials/MI_PingMetal_Inst.uasset" 1671
"C:/Users/Lu1sR/Documents/UnrealProjects/Death-Of-Will/TheDeathOfWill/Content/MoStreetProps/Materials/MI_PingMetal_Inst.uexp" 1672
"C:/Users/Lu1sR/Documents/UnrealProjects/Death-Of-Will/TheDeathOfWill/Content/Materials/Sprites/WillSticker.uasset" 1673
"C:/Users/Lu1sR/Documents/UnrealProjects/Death-Of-Will/TheDeathOfWill/Content/Materials/Sprites/WillSticker.uexp" 1674
"C:/Users/Lu1sR/Documents/UnrealProjects/Death-Of-Will/TheDeathOfWill/Content/Materials/Sprites/M_WillSticker.uasset" 1675
"C:/Users/Lu1sR/Documents/UnrealProjects/Death-Of-Will/TheDeathOfWill/Content/Materials/Sprites/M_WillSticker.uexp" 1676
"../../../Engine/Plugins/Experimental/Water/Content/Waves/GerstnerWaves_Lake1.uasset" 1677
"../../../Engine/Plugins/Experimental/Water/Content/Waves/GerstnerWaves_Lake1.uexp" 1678
"../../../Engine/Plugins/Experimental/Water/Content/Materials/HLOD/HLODWater.uasset" 1679
"../../../Engine/Plugins/Experimental/Water/Content/Materials/HLOD/HLODWater.uexp" 1680
"../../../Engine/Content/MapTemplates/SM_Template_Map_Floor.ubulk" 1681
"../../../Engine/Content/MapTemplates/SM_Template_Map_Floor.uasset" 1682
"../../../Engine/Content/MapTemplates/SM_Template_Map_Floor.uexp" 1683
"../../../Engine/Content/EngineMaterials/DefaultPhysicalMaterial.uasset" 1684
"../../../Engine/Content/EngineMaterials/DefaultPhysicalMaterial.uexp" 1685
"C:/Users/Lu1sR/Documents/UnrealProjects/Death-Of-Will/TheDeathOfWill/Content/LevelPrototyping/Textures/T_GridChecker_A.ubulk" 1686
"C:/Users/Lu1sR/Documents/UnrealProjects/Death-Of-Will/TheDeathOfWill/Content/LevelPrototyping/Textures/T_GridChecker_A.uasset" 1687
"C:/Users/Lu1sR/Documents/UnrealProjects/Death-Of-Will/TheDeathOfWill/Content/LevelPrototyping/Textures/T_GridChecker_A.uexp" 1688
"C:/Users/Lu1sR/Documents/UnrealProjects/Death-Of-Will/TheDeathOfWill/Content/LevelPrototyping/Materials/MF_ProcGrid.uasset" 1689
"C:/Users/Lu1sR/Documents/UnrealProjects/Death-Of-Will/TheDeathOfWill/Content/LevelPrototyping/Materials/MF_ProcGrid.uexp" 1690
"C:/Users/Lu1sR/Documents/UnrealProjects/Death-Of-Will/TheDeathOfWill/Content/LevelPrototyping/Materials/M_PrototypeGrid.uasset" 1691
"C:/Users/Lu1sR/Documents/UnrealProjects/Death-Of-Will/TheDeathOfWill/Content/LevelPrototyping/Materials/M_PrototypeGrid.uexp" 1692
"C:/Users/Lu1sR/Documents/UnrealProjects/Death-Of-Will/TheDeathOfWill/Content/LevelPrototyping/Materials/MI_PrototypeGrid_Gray.uasset" 1693
"C:/Users/Lu1sR/Documents/UnrealProjects/Death-Of-Will/TheDeathOfWill/Content/LevelPrototyping/Materials/MI_PrototypeGrid_Gray.uexp" 1694
"C:/Users/Lu1sR/Documents/UnrealProjects/Death-Of-Will/TheDeathOfWill/Content/LevelPrototyping/Meshes/SM_Cube.ubulk" 1695
"C:/Users/Lu1sR/Documents/UnrealProjects/Death-Of-Will/TheDeathOfWill/Content/LevelPrototyping/Meshes/SM_Cube.uasset" 1696
"C:/Users/Lu1sR/Documents/UnrealProjects/Death-Of-Will/TheDeathOfWill/Content/LevelPrototyping/Meshes/SM_Cube.uexp" 1697
"C:/Users/Lu1sR/Documents/UnrealProjects/Death-Of-Will/TheDeathOfWill/Content/MoStreetProps/Materials/MI_OrangeMetal_Inst.uasset" 1698
"C:/Users/Lu1sR/Documents/UnrealProjects/Death-Of-Will/TheDeathOfWill/Content/MoStreetProps/Materials/MI_OrangeMetal_Inst.uexp" 1699
"C:/Users/Lu1sR/Documents/UnrealProjects/Death-Of-Will/TheDeathOfWill/Content/StarterContent/Materials/M_Basic_Wall.uasset" 1700
"C:/Users/Lu1sR/Documents/UnrealProjects/Death-Of-Will/TheDeathOfWill/Content/StarterContent/Materials/M_Basic_Wall.uexp" 1701
"C:/Users/Lu1sR/Documents/UnrealProjects/Death-Of-Will/TheDeathOfWill/Content/StarterContent/Shapes/Shape_Torus.ubulk" 1702
"C:/Users/Lu1sR/Documents/UnrealProjects/Death-Of-Will/TheDeathOfWill/Content/StarterContent/Shapes/Shape_Torus.uasset" 1703
"C:/Users/Lu1sR/Documents/UnrealProjects/Death-Of-Will/TheDeathOfWill/Content/StarterContent/Shapes/Shape_Torus.uexp" 1704
"C:/Users/Lu1sR/Documents/UnrealProjects/Death-Of-Will/TheDeathOfWill/Content/Blueprints/BP_BuoyoncyTest.uasset" 1705
"C:/Users/Lu1sR/Documents/UnrealProjects/Death-Of-Will/TheDeathOfWill/Content/Blueprints/BP_BuoyoncyTest.uexp" 1706
"C:/Users/Lu1sR/Documents/UnrealProjects/Death-Of-Will/TheDeathOfWill/Content/Models/Sidewalk/Material.uasset" 1707
"C:/Users/Lu1sR/Documents/UnrealProjects/Death-Of-Will/TheDeathOfWill/Content/Models/Sidewalk/Material.uexp" 1708
"C:/Users/Lu1sR/Documents/UnrealProjects/Death-Of-Will/TheDeathOfWill/Content/Models/PoolRoom/Floor_CurveEdge2.ubulk" 1709
"C:/Users/Lu1sR/Documents/UnrealProjects/Death-Of-Will/TheDeathOfWill/Content/Models/PoolRoom/Floor_CurveEdge2.uasset" 1710
"C:/Users/Lu1sR/Documents/UnrealProjects/Death-Of-Will/TheDeathOfWill/Content/Models/PoolRoom/Floor_CurveEdge2.uexp" 1711
"../../../Engine/Plugins/Experimental/Water/Content/Curves/FloatCurve.uasset" 1712
"../../../Engine/Plugins/Experimental/Water/Content/Curves/FloatCurve.uexp" 1713
"../../../Engine/Content/Functions/Engine_MaterialFunctions01/Density/ExponentialDensity.uasset" 1714
"../../../Engine/Content/Functions/Engine_MaterialFunctions01/Density/ExponentialDensity.uexp" 1715
"../../../Engine/Content/Functions/Engine_MaterialFunctions02/ScreenResolution.uasset" 1716
"../../../Engine/Content/Functions/Engine_MaterialFunctions02/ScreenResolution.uexp" 1717
"../../../Engine/Content/Functions/Engine_MaterialFunctions02/Texturing/ScreenAlignedUVs.uasset" 1718
"../../../Engine/Content/Functions/Engine_MaterialFunctions02/Texturing/ScreenAlignedUVs.uexp" 1719
"../../../Engine/Content/Functions/Engine_MaterialFunctions01/Gradient/RadialGradientExponential.uasset" 1720
"../../../Engine/Content/Functions/Engine_MaterialFunctions01/Gradient/RadialGradientExponential.uexp" 1721
"C:/Users/Lu1sR/Documents/UnrealProjects/Death-Of-Will/TheDeathOfWill/Content/Materials/PostProcessing/M_FishEye.uasset" 1722
"C:/Users/Lu1sR/Documents/UnrealProjects/Death-Of-Will/TheDeathOfWill/Content/Materials/PostProcessing/M_FishEye.uexp" 1723
"C:/Users/Lu1sR/Documents/UnrealProjects/Death-Of-Will/TheDeathOfWill/Content/Materials/PostProcessing/MI_FishEye.uasset" 1724
"C:/Users/Lu1sR/Documents/UnrealProjects/Death-Of-Will/TheDeathOfWill/Content/Materials/PostProcessing/MI_FishEye.uexp" 1725
"C:/Users/Lu1sR/Documents/UnrealProjects/Death-Of-Will/TheDeathOfWill/Content/Models/PoolRoom/Floor_CurveEdge.ubulk" 1726
"C:/Users/Lu1sR/Documents/UnrealProjects/Death-Of-Will/TheDeathOfWill/Content/Models/PoolRoom/Floor_CurveEdge.uasset" 1727
"C:/Users/Lu1sR/Documents/UnrealProjects/Death-Of-Will/TheDeathOfWill/Content/Models/PoolRoom/Floor_CurveEdge.uexp" 1728
"C:/Users/Lu1sR/Documents/UnrealProjects/Death-Of-Will/TheDeathOfWill/Content/Blueprints/NewNavArea.uasset" 1729
"C:/Users/Lu1sR/Documents/UnrealProjects/Death-Of-Will/TheDeathOfWill/Content/Blueprints/NewNavArea.uexp" 1730
"C:/Users/Lu1sR/Documents/UnrealProjects/Death-Of-Will/TheDeathOfWill/Content/Materials/Water/Water_0325bnormal.ubulk" 1731
"C:/Users/Lu1sR/Documents/UnrealProjects/Death-Of-Will/TheDeathOfWill/Content/Materials/Water/Water_0325bnormal.uasset" 1732
"C:/Users/Lu1sR/Documents/UnrealProjects/Death-Of-Will/TheDeathOfWill/Content/Materials/Water/Water_0325bnormal.uexp" 1733
"C:/Users/Lu1sR/Documents/UnrealProjects/Death-Of-Will/TheDeathOfWill/Content/Materials/Water/Water_0326normal.ubulk" 1734
"C:/Users/Lu1sR/Documents/UnrealProjects/Death-Of-Will/TheDeathOfWill/Content/Materials/Water/Water_0326normal.uasset" 1735
"C:/Users/Lu1sR/Documents/UnrealProjects/Death-Of-Will/TheDeathOfWill/Content/Materials/Water/Water_0326normal.uexp" 1736
"C:/Users/Lu1sR/Documents/UnrealProjects/Death-Of-Will/TheDeathOfWill/Content/Materials/Water/Water_0339normal.ubulk" 1737
"C:/Users/Lu1sR/Documents/UnrealProjects/Death-Of-Will/TheDeathOfWill/Content/Materials/Water/Water_0339normal.uasset" 1738
"C:/Users/Lu1sR/Documents/UnrealProjects/Death-Of-Will/TheDeathOfWill/Content/Materials/Water/Water_0339normal.uexp" 1739
"C:/Users/Lu1sR/Documents/UnrealProjects/Death-Of-Will/TheDeathOfWill/Content/Materials/Water/M_PoolRoomsWater.uasset" 1740
"C:/Users/Lu1sR/Documents/UnrealProjects/Death-Of-Will/TheDeathOfWill/Content/Materials/Water/M_PoolRoomsWater.uexp" 1741
"C:/Users/Lu1sR/Documents/UnrealProjects/Death-Of-Will/TheDeathOfWill/Content/Materials/Water/MI_PoolRoomsWater.uasset" 1742
"C:/Users/Lu1sR/Documents/UnrealProjects/Death-Of-Will/TheDeathOfWill/Content/Materials/Water/MI_PoolRoomsWater.uexp" 1743
"C:/Users/Lu1sR/Documents/UnrealProjects/Death-Of-Will/TheDeathOfWill/Content/Models/PoolRoom/Floor_CurveEdge3.ubulk" 1744
"C:/Users/Lu1sR/Documents/UnrealProjects/Death-Of-Will/TheDeathOfWill/Content/Models/PoolRoom/Floor_CurveEdge3.uasset" 1745
"C:/Users/Lu1sR/Documents/UnrealProjects/Death-Of-Will/TheDeathOfWill/Content/Models/PoolRoom/Floor_CurveEdge3.uexp" 1746
"C:/Users/Lu1sR/Documents/UnrealProjects/Death-Of-Will/TheDeathOfWill/Content/Models/PoolRoom/Wall_Curved.ubulk" 1747
"C:/Users/Lu1sR/Documents/UnrealProjects/Death-Of-Will/TheDeathOfWill/Content/Models/PoolRoom/Wall_Curved.uasset" 1748
"C:/Users/Lu1sR/Documents/UnrealProjects/Death-Of-Will/TheDeathOfWill/Content/Models/PoolRoom/Wall_Curved.uexp" 1749
"../../../Engine/Content/Functions/Engine_MaterialFunctions02/ExampleContent/DebugNumberStrip.uasset" 1750
"../../../Engine/Content/Functions/Engine_MaterialFunctions02/ExampleContent/DebugNumberStrip.uexp" 1751
"../../../Engine/Content/Functions/Engine_MaterialFunctions01/Texturing/TextureCropping.uasset" 1752
"../../../Engine/Content/Functions/Engine_MaterialFunctions01/Texturing/TextureCropping.uexp" 1753
"../../../Engine/Content/Functions/Engine_MaterialFunctions02/ExampleContent/Textures/DebugNumberPeriod.uasset" 1754
"../../../Engine/Content/Functions/Engine_MaterialFunctions02/ExampleContent/Textures/DebugNumberPeriod.uexp" 1755
"../../../Engine/Content/Functions/Engine_MaterialFunctions02/Utility/DebugScalarValues.uasset" 1756
"../../../Engine/Content/Functions/Engine_MaterialFunctions02/Utility/DebugScalarValues.uexp" 1757
"../../../Engine/Content/Functions/Engine_MaterialFunctions01/Volumetrics/SchlickPhase.uasset" 1758
"../../../Engine/Content/Functions/Engine_MaterialFunctions01/Volumetrics/SchlickPhase.uexp" 1759
"../../../Engine/Plugins/Experimental/Water/Content/Materials/PostProcessing/M_UnderWater_PostProcess_Volume.uasset" 1760
"../../../Engine/Plugins/Experimental/Water/Content/Materials/PostProcessing/M_UnderWater_PostProcess_Volume.uexp" 1761
"C:/Users/Lu1sR/Documents/UnrealProjects/Death-Of-Will/TheDeathOfWill/Content/Blueprints/BP_StartWall.uasset" 1762
"C:/Users/Lu1sR/Documents/UnrealProjects/Death-Of-Will/TheDeathOfWill/Content/Blueprints/BP_StartWall.uexp" 1763
"C:/Users/Lu1sR/Documents/UnrealProjects/Death-Of-Will/TheDeathOfWill/Content/Models/PoolRoom/CeilingLight.ubulk" 1764
"C:/Users/Lu1sR/Documents/UnrealProjects/Death-Of-Will/TheDeathOfWill/Content/Models/PoolRoom/CeilingLight.uasset" 1765
"C:/Users/Lu1sR/Documents/UnrealProjects/Death-Of-Will/TheDeathOfWill/Content/Models/PoolRoom/CeilingLight.uexp" 1766
"C:/Users/Lu1sR/Documents/UnrealProjects/Death-Of-Will/TheDeathOfWill/Content/Materials/CeilingLight/lamp_01_emissive.ubulk" 1767
"C:/Users/Lu1sR/Documents/UnrealProjects/Death-Of-Will/TheDeathOfWill/Content/Materials/CeilingLight/lamp_01_emissive.uasset" 1768
"C:/Users/Lu1sR/Documents/UnrealProjects/Death-Of-Will/TheDeathOfWill/Content/Materials/CeilingLight/lamp_01_emissive.uexp" 1769
"C:/Users/Lu1sR/Documents/UnrealProjects/Death-Of-Will/TheDeathOfWill/Content/Materials/CeilingLight/lamp_01_metallic.ubulk" 1770
"C:/Users/Lu1sR/Documents/UnrealProjects/Death-Of-Will/TheDeathOfWill/Content/Materials/CeilingLight/lamp_01_metallic.uasset" 1771
"C:/Users/Lu1sR/Documents/UnrealProjects/Death-Of-Will/TheDeathOfWill/Content/Materials/CeilingLight/lamp_01_metallic.uexp" 1772
"C:/Users/Lu1sR/Documents/UnrealProjects/Death-Of-Will/TheDeathOfWill/Content/Materials/CeilingLight/lamp_01_AO.ubulk" 1773
"C:/Users/Lu1sR/Documents/UnrealProjects/Death-Of-Will/TheDeathOfWill/Content/Materials/CeilingLight/lamp_01_AO.uasset" 1774
"C:/Users/Lu1sR/Documents/UnrealProjects/Death-Of-Will/TheDeathOfWill/Content/Materials/CeilingLight/lamp_01_AO.uexp" 1775
"C:/Users/Lu1sR/Documents/UnrealProjects/Death-Of-Will/TheDeathOfWill/Content/Materials/CeilingLight/lamp_01_albedo.ubulk" 1776
"C:/Users/Lu1sR/Documents/UnrealProjects/Death-Of-Will/TheDeathOfWill/Content/Materials/CeilingLight/lamp_01_albedo.uasset" 1777
"C:/Users/Lu1sR/Documents/UnrealProjects/Death-Of-Will/TheDeathOfWill/Content/Materials/CeilingLight/lamp_01_albedo.uexp" 1778
"C:/Users/Lu1sR/Documents/UnrealProjects/Death-Of-Will/TheDeathOfWill/Content/Materials/CeilingLight/lamp_01_normal.ubulk" 1779
"C:/Users/Lu1sR/Documents/UnrealProjects/Death-Of-Will/TheDeathOfWill/Content/Materials/CeilingLight/lamp_01_normal.uasset" 1780
"C:/Users/Lu1sR/Documents/UnrealProjects/Death-Of-Will/TheDeathOfWill/Content/Materials/CeilingLight/lamp_01_normal.uexp" 1781
"C:/Users/Lu1sR/Documents/UnrealProjects/Death-Of-Will/TheDeathOfWill/Content/Materials/CeilingLight/lamp_01_roughness.ubulk" 1782
"C:/Users/Lu1sR/Documents/UnrealProjects/Death-Of-Will/TheDeathOfWill/Content/Materials/CeilingLight/lamp_01_roughness.uasset" 1783
"C:/Users/Lu1sR/Documents/UnrealProjects/Death-Of-Will/TheDeathOfWill/Content/Materials/CeilingLight/lamp_01_roughness.uexp" 1784
"C:/Users/Lu1sR/Documents/UnrealProjects/Death-Of-Will/TheDeathOfWill/Content/Materials/CeilingLight/M_CeilingLight.uasset" 1785
"C:/Users/Lu1sR/Documents/UnrealProjects/Death-Of-Will/TheDeathOfWill/Content/Materials/CeilingLight/M_CeilingLight.uexp" 1786
"C:/Users/Lu1sR/Documents/UnrealProjects/Death-Of-Will/TheDeathOfWill/Content/Blueprints/BP_ceilingLight.uasset" 1787
"C:/Users/Lu1sR/Documents/UnrealProjects/Death-Of-Will/TheDeathOfWill/Content/Blueprints/BP_ceilingLight.uexp" 1788
"C:/Users/Lu1sR/Documents/UnrealProjects/Death-Of-Will/TheDeathOfWill/Content/FirstPerson/Input/Actions/IA_Shoot.uasset" 1789
"C:/Users/Lu1sR/Documents/UnrealProjects/Death-Of-Will/TheDeathOfWill/Content/FirstPerson/Input/Actions/IA_Shoot.uexp" 1790
"C:/Users/Lu1sR/Documents/UnrealProjects/Death-Of-Will/TheDeathOfWill/Content/FirstPerson/Input/IMC_Weapons.uasset" 1791
"C:/Users/Lu1sR/Documents/UnrealProjects/Death-Of-Will/TheDeathOfWill/Content/FirstPerson/Input/IMC_Weapons.uexp" 1792
"C:/Users/Lu1sR/Documents/UnrealProjects/Death-Of-Will/TheDeathOfWill/Content/FPWeapon/Mesh/SK_FPGun_Skeleton.uasset" 1793
"C:/Users/Lu1sR/Documents/UnrealProjects/Death-Of-Will/TheDeathOfWill/Content/FPWeapon/Mesh/SK_FPGun_Skeleton.uexp" 1794
"C:/Users/Lu1sR/Documents/UnrealProjects/Death-Of-Will/TheDeathOfWill/Content/FPWeapon/Materials/MaterialLayers/T_ML_Rubber_Blue_01_D.ubulk" 1795
"C:/Users/Lu1sR/Documents/UnrealProjects/Death-Of-Will/TheDeathOfWill/Content/FPWeapon/Materials/MaterialLayers/T_ML_Rubber_Blue_01_D.uasset" 1796
"C:/Users/Lu1sR/Documents/UnrealProjects/Death-Of-Will/TheDeathOfWill/Content/FPWeapon/Materials/MaterialLayers/T_ML_Rubber_Blue_01_D.uexp" 1797
"C:/Users/Lu1sR/Documents/UnrealProjects/Death-Of-Will/TheDeathOfWill/Content/FPWeapon/Textures/T_FPGun_N.ubulk" 1798
"C:/Users/Lu1sR/Documents/UnrealProjects/Death-Of-Will/TheDeathOfWill/Content/FPWeapon/Textures/T_FPGun_N.uasset" 1799
"C:/Users/Lu1sR/Documents/UnrealProjects/Death-Of-Will/TheDeathOfWill/Content/FPWeapon/Textures/T_FPGun_N.uexp" 1800
"../../../Engine/Content/Functions/MaterialLayerFunctions/MatLayerBlend_NormalBlend.uasset" 1801
"../../../Engine/Content/Functions/MaterialLayerFunctions/MatLayerBlend_NormalBlend.uexp" 1802
"C:/Users/Lu1sR/Documents/UnrealProjects/Death-Of-Will/TheDeathOfWill/Content/FPWeapon/Materials/MaterialLayers/T_ML_Rubber_Blue_01_N.ubulk" 1803
"C:/Users/Lu1sR/Documents/UnrealProjects/Death-Of-Will/TheDeathOfWill/Content/FPWeapon/Materials/MaterialLayers/T_ML_Rubber_Blue_01_N.uasset" 1804
"C:/Users/Lu1sR/Documents/UnrealProjects/Death-Of-Will/TheDeathOfWill/Content/FPWeapon/Materials/MaterialLayers/T_ML_Rubber_Blue_01_N.uexp" 1805
"C:/Users/Lu1sR/Documents/UnrealProjects/Death-Of-Will/TheDeathOfWill/Content/FPWeapon/Materials/MaterialLayers/ML_Screen.uasset" 1806
"C:/Users/Lu1sR/Documents/UnrealProjects/Death-Of-Will/TheDeathOfWill/Content/FPWeapon/Materials/MaterialLayers/ML_Screen.uexp" 1807
"C:/Users/Lu1sR/Documents/UnrealProjects/Death-Of-Will/TheDeathOfWill/Content/FPWeapon/Materials/MaterialLayers/T_ML_Aluminum01_N.ubulk" 1808
"C:/Users/Lu1sR/Documents/UnrealProjects/Death-Of-Will/TheDeathOfWill/Content/FPWeapon/Materials/MaterialLayers/T_ML_Aluminum01_N.uasset" 1809
"C:/Users/Lu1sR/Documents/UnrealProjects/Death-Of-Will/TheDeathOfWill/Content/FPWeapon/Materials/MaterialLayers/T_ML_Aluminum01_N.uexp" 1810
"C:/Users/Lu1sR/Documents/UnrealProjects/Death-Of-Will/TheDeathOfWill/Content/FPWeapon/Materials/MaterialLayers/T_ML_Aluminum01.ubulk" 1811
"C:/Users/Lu1sR/Documents/UnrealProjects/Death-Of-Will/TheDeathOfWill/Content/FPWeapon/Materials/MaterialLayers/T_ML_Aluminum01.uasset" 1812
"C:/Users/Lu1sR/Documents/UnrealProjects/Death-Of-Will/TheDeathOfWill/Content/FPWeapon/Materials/MaterialLayers/T_ML_Aluminum01.uexp" 1813
"C:/Users/Lu1sR/Documents/UnrealProjects/Death-Of-Will/TheDeathOfWill/Content/FPWeapon/Materials/MaterialLayers/ML_SoftMetal_UE4.uasset" 1814
"C:/Users/Lu1sR/Documents/UnrealProjects/Death-Of-Will/TheDeathOfWill/Content/FPWeapon/Materials/MaterialLayers/ML_SoftMetal_UE4.uexp" 1815
"../../../Engine/Content/Functions/MaterialLayerFunctions/MatLayerBlend_Simple.uasset" 1816
"../../../Engine/Content/Functions/MaterialLayerFunctions/MatLayerBlend_Simple.uexp" 1817
"C:/Users/Lu1sR/Documents/UnrealProjects/Death-Of-Will/TheDeathOfWill/Content/FPWeapon/Textures/T_FPGun_M.ubulk" 1818
"C:/Users/Lu1sR/Documents/UnrealProjects/Death-Of-Will/TheDeathOfWill/Content/FPWeapon/Textures/T_FPGun_M.uasset" 1819
"C:/Users/Lu1sR/Documents/UnrealProjects/Death-Of-Will/TheDeathOfWill/Content/FPWeapon/Textures/T_FPGun_M.uexp" 1820
"C:/Users/Lu1sR/Documents/UnrealProjects/Death-Of-Will/TheDeathOfWill/Content/FPWeapon/Materials/MaterialLayers/ML_Plastic_Shiny_Beige.uasset" 1821
"C:/Users/Lu1sR/Documents/UnrealProjects/Death-Of-Will/TheDeathOfWill/Content/FPWeapon/Materials/MaterialLayers/ML_Plastic_Shiny_Beige.uexp" 1822
"C:/Users/Lu1sR/Documents/UnrealProjects/Death-Of-Will/TheDeathOfWill/Content/FPWeapon/Materials/MaterialLayers/ML_GlossyBlack_Latex_UE4.uasset" 1823
"C:/Users/Lu1sR/Documents/UnrealProjects/Death-Of-Will/TheDeathOfWill/Content/FPWeapon/Materials/MaterialLayers/ML_GlossyBlack_Latex_UE4.uexp" 1824
"C:/Users/Lu1sR/Documents/UnrealProjects/Death-Of-Will/TheDeathOfWill/Content/FPWeapon/Materials/M_FPGun.uasset" 1825
"C:/Users/Lu1sR/Documents/UnrealProjects/Death-Of-Will/TheDeathOfWill/Content/FPWeapon/Materials/M_FPGun.uexp" 1826
"C:/Users/Lu1sR/Documents/UnrealProjects/Death-Of-Will/TheDeathOfWill/Content/FPWeapon/Mesh/SK_FPGun_Physics.uasset" 1827
"C:/Users/Lu1sR/Documents/UnrealProjects/Death-Of-Will/TheDeathOfWill/Content/FPWeapon/Mesh/SK_FPGun_Physics.uexp" 1828
"C:/Users/Lu1sR/Documents/UnrealProjects/Death-Of-Will/TheDeathOfWill/Content/FPWeapon/Mesh/SK_FPGun.uasset" 1829
"C:/Users/Lu1sR/Documents/UnrealProjects/Death-Of-Will/TheDeathOfWill/Content/FPWeapon/Mesh/SK_FPGun.uexp" 1830
"C:/Users/Lu1sR/Documents/UnrealProjects/Death-Of-Will/TheDeathOfWill/Content/Audio/single-pistol-gunshot-3-101923.ubulk" 1831
"C:/Users/Lu1sR/Documents/UnrealProjects/Death-Of-Will/TheDeathOfWill/Content/Audio/single-pistol-gunshot-3-101923.uasset" 1832
"C:/Users/Lu1sR/Documents/UnrealProjects/Death-Of-Will/TheDeathOfWill/Content/Audio/single-pistol-gunshot-3-101923.uexp" 1833
"../../../Engine/Plugins/Bridge/Content/MSPresets/M_MS_Default_Material/Functions/MF_Transmission.uasset" 1834
"../../../Engine/Plugins/Bridge/Content/MSPresets/M_MS_Default_Material/Functions/MF_Transmission.uexp" 1835
"C:/Users/Lu1sR/Documents/UnrealProjects/Death-Of-Will/TheDeathOfWill/Content/Models/jinxs-bullet/Jinx_s_Bulet_Gilze_Metallic.ubulk" 1836
"C:/Users/Lu1sR/Documents/UnrealProjects/Death-Of-Will/TheDeathOfWill/Content/Models/jinxs-bullet/Jinx_s_Bulet_Gilze_Metallic.uasset" 1837
"C:/Users/Lu1sR/Documents/UnrealProjects/Death-Of-Will/TheDeathOfWill/Content/Models/jinxs-bullet/Jinx_s_Bulet_Gilze_Metallic.uexp" 1838
"C:/Users/Lu1sR/Documents/UnrealProjects/Death-Of-Will/TheDeathOfWill/Content/Models/jinxs-bullet/Jinx_s_Bulet_Gilze_BaseColor.ubulk" 1839
"C:/Users/Lu1sR/Documents/UnrealProjects/Death-Of-Will/TheDeathOfWill/Content/Models/jinxs-bullet/Jinx_s_Bulet_Gilze_BaseColor.uasset" 1840
"C:/Users/Lu1sR/Documents/UnrealProjects/Death-Of-Will/TheDeathOfWill/Content/Models/jinxs-bullet/Jinx_s_Bulet_Gilze_BaseColor.uexp" 1841
"C:/Users/Lu1sR/Documents/UnrealProjects/Death-Of-Will/TheDeathOfWill/Content/Models/jinxs-bullet/Jinx_s_Bulet_Gilze_Roughness.ubulk" 1842
"C:/Users/Lu1sR/Documents/UnrealProjects/Death-Of-Will/TheDeathOfWill/Content/Models/jinxs-bullet/Jinx_s_Bulet_Gilze_Roughness.uasset" 1843
"C:/Users/Lu1sR/Documents/UnrealProjects/Death-Of-Will/TheDeathOfWill/Content/Models/jinxs-bullet/Jinx_s_Bulet_Gilze_Roughness.uexp" 1844
"C:/Users/Lu1sR/Documents/UnrealProjects/Death-Of-Will/TheDeathOfWill/Content/Materials/MF_CTiling.uasset" 1845
"C:/Users/Lu1sR/Documents/UnrealProjects/Death-Of-Will/TheDeathOfWill/Content/Materials/MF_CTiling.uexp" 1846
"C:/Users/Lu1sR/Documents/UnrealProjects/Death-Of-Will/TheDeathOfWill/Content/Models/jinxs-bullet/Jinx_s_Bulet_Gilze_Normal.ubulk" 1847
"C:/Users/Lu1sR/Documents/UnrealProjects/Death-Of-Will/TheDeathOfWill/Content/Models/jinxs-bullet/Jinx_s_Bulet_Gilze_Normal.uasset" 1848
"C:/Users/Lu1sR/Documents/UnrealProjects/Death-Of-Will/TheDeathOfWill/Content/Models/jinxs-bullet/Jinx_s_Bulet_Gilze_Normal.uexp" 1849
"C:/Users/Lu1sR/Documents/UnrealProjects/Death-Of-Will/TheDeathOfWill/Content/Materials/MF_CTexMapAdjustment.uasset" 1850
"C:/Users/Lu1sR/Documents/UnrealProjects/Death-Of-Will/TheDeathOfWill/Content/Materials/MF_CTexMapAdjustment.uexp" 1851
"C:/Users/Lu1sR/Documents/UnrealProjects/Death-Of-Will/TheDeathOfWill/Content/Models/jinxs-bullet/M_Bullet_Gilze.uasset" 1852
"C:/Users/Lu1sR/Documents/UnrealProjects/Death-Of-Will/TheDeathOfWill/Content/Models/jinxs-bullet/M_Bullet_Gilze.uexp" 1853
"C:/Users/Lu1sR/Documents/UnrealProjects/Death-Of-Will/TheDeathOfWill/Content/Models/jinxs-bullet/Jinx_s_Bulet_Bulet_Metallic.ubulk" 1854
"C:/Users/Lu1sR/Documents/UnrealProjects/Death-Of-Will/TheDeathOfWill/Content/Models/jinxs-bullet/Jinx_s_Bulet_Bulet_Metallic.uasset" 1855
"C:/Users/Lu1sR/Documents/UnrealProjects/Death-Of-Will/TheDeathOfWill/Content/Models/jinxs-bullet/Jinx_s_Bulet_Bulet_Metallic.uexp" 1856
"C:/Users/Lu1sR/Documents/UnrealProjects/Death-Of-Will/TheDeathOfWill/Content/Models/jinxs-bullet/Jinx_s_Bulet_Bulet_Normal.ubulk" 1857
"C:/Users/Lu1sR/Documents/UnrealProjects/Death-Of-Will/TheDeathOfWill/Content/Models/jinxs-bullet/Jinx_s_Bulet_Bulet_Normal.uasset" 1858
"C:/Users/Lu1sR/Documents/UnrealProjects/Death-Of-Will/TheDeathOfWill/Content/Models/jinxs-bullet/Jinx_s_Bulet_Bulet_Normal.uexp" 1859
"C:/Users/Lu1sR/Documents/UnrealProjects/Death-Of-Will/TheDeathOfWill/Content/Models/jinxs-bullet/Jinx_s_Bulet_Bulet_Roughness.ubulk" 1860
"C:/Users/Lu1sR/Documents/UnrealProjects/Death-Of-Will/TheDeathOfWill/Content/Models/jinxs-bullet/Jinx_s_Bulet_Bulet_Roughness.uasset" 1861
"C:/Users/Lu1sR/Documents/UnrealProjects/Death-Of-Will/TheDeathOfWill/Content/Models/jinxs-bullet/Jinx_s_Bulet_Bulet_Roughness.uexp" 1862
"C:/Users/Lu1sR/Documents/UnrealProjects/Death-Of-Will/TheDeathOfWill/Content/Models/jinxs-bullet/Jinx_s_Bulet_Bulet_BaseColor.ubulk" 1863
"C:/Users/Lu1sR/Documents/UnrealProjects/Death-Of-Will/TheDeathOfWill/Content/Models/jinxs-bullet/Jinx_s_Bulet_Bulet_BaseColor.uasset" 1864
"C:/Users/Lu1sR/Documents/UnrealProjects/Death-Of-Will/TheDeathOfWill/Content/Models/jinxs-bullet/Jinx_s_Bulet_Bulet_BaseColor.uexp" 1865
"C:/Users/Lu1sR/Documents/UnrealProjects/Death-Of-Will/TheDeathOfWill/Content/Models/jinxs-bullet/M_Bullet_Bulet.uasset" 1866
"C:/Users/Lu1sR/Documents/UnrealProjects/Death-Of-Will/TheDeathOfWill/Content/Models/jinxs-bullet/M_Bullet_Bulet.uexp" 1867
"C:/Users/Lu1sR/Documents/UnrealProjects/Death-Of-Will/TheDeathOfWill/Content/Models/jinxs-bullet/Jinx_s_Bulet_Hiter_Metallic.ubulk" 1868
"C:/Users/Lu1sR/Documents/UnrealProjects/Death-Of-Will/TheDeathOfWill/Content/Models/jinxs-bullet/Jinx_s_Bulet_Hiter_Metallic.uasset" 1869
"C:/Users/Lu1sR/Documents/UnrealProjects/Death-Of-Will/TheDeathOfWill/Content/Models/jinxs-bullet/Jinx_s_Bulet_Hiter_Metallic.uexp" 1870
"C:/Users/Lu1sR/Documents/UnrealProjects/Death-Of-Will/TheDeathOfWill/Content/Models/jinxs-bullet/Jinx_s_Bulet_Hiter_Roughness.ubulk" 1871
"C:/Users/Lu1sR/Documents/UnrealProjects/Death-Of-Will/TheDeathOfWill/Content/Models/jinxs-bullet/Jinx_s_Bulet_Hiter_Roughness.uasset" 1872
"C:/Users/Lu1sR/Documents/UnrealProjects/Death-Of-Will/TheDeathOfWill/Content/Models/jinxs-bullet/Jinx_s_Bulet_Hiter_Roughness.uexp" 1873
"C:/Users/Lu1sR/Documents/UnrealProjects/Death-Of-Will/TheDeathOfWill/Content/Models/jinxs-bullet/Jinx_s_Bulet_Hiter_BaseColor.ubulk" 1874
"C:/Users/Lu1sR/Documents/UnrealProjects/Death-Of-Will/TheDeathOfWill/Content/Models/jinxs-bullet/Jinx_s_Bulet_Hiter_BaseColor.uasset" 1875
"C:/Users/Lu1sR/Documents/UnrealProjects/Death-Of-Will/TheDeathOfWill/Content/Models/jinxs-bullet/Jinx_s_Bulet_Hiter_BaseColor.uexp" 1876
"C:/Users/Lu1sR/Documents/UnrealProjects/Death-Of-Will/TheDeathOfWill/Content/Models/jinxs-bullet/Jinx_s_Bulet_Hiter_Normal.ubulk" 1877
"C:/Users/Lu1sR/Documents/UnrealProjects/Death-Of-Will/TheDeathOfWill/Content/Models/jinxs-bullet/Jinx_s_Bulet_Hiter_Normal.uasset" 1878
"C:/Users/Lu1sR/Documents/UnrealProjects/Death-Of-Will/TheDeathOfWill/Content/Models/jinxs-bullet/Jinx_s_Bulet_Hiter_Normal.uexp" 1879
"C:/Users/Lu1sR/Documents/UnrealProjects/Death-Of-Will/TheDeathOfWill/Content/Models/jinxs-bullet/M_Bullet_Hiter.uasset" 1880
"C:/Users/Lu1sR/Documents/UnrealProjects/Death-Of-Will/TheDeathOfWill/Content/Models/jinxs-bullet/M_Bullet_Hiter.uexp" 1881
"C:/Users/Lu1sR/Documents/UnrealProjects/Death-Of-Will/TheDeathOfWill/Content/Models/jinxs-bullet/Bulet.ubulk" 1882
"C:/Users/Lu1sR/Documents/UnrealProjects/Death-Of-Will/TheDeathOfWill/Content/Models/jinxs-bullet/Bulet.uasset" 1883
"C:/Users/Lu1sR/Documents/UnrealProjects/Death-Of-Will/TheDeathOfWill/Content/Models/jinxs-bullet/Bulet.uexp" 1884
"C:/Users/Lu1sR/Documents/UnrealProjects/Death-Of-Will/TheDeathOfWill/Content/FirstPerson/Blueprints/BP_FirstPersonProjectile.uasset" 1885
"C:/Users/Lu1sR/Documents/UnrealProjects/Death-Of-Will/TheDeathOfWill/Content/FirstPerson/Blueprints/BP_FirstPersonProjectile.uexp" 1886
"C:/Users/Lu1sR/Documents/UnrealProjects/Death-Of-Will/TheDeathOfWill/Content/FirstPersonArms/Animations/FP_Rifle_Fire.uasset" 1887
"C:/Users/Lu1sR/Documents/UnrealProjects/Death-Of-Will/TheDeathOfWill/Content/FirstPersonArms/Animations/FP_Rifle_Fire.uexp" 1888
"C:/Users/Lu1sR/Documents/UnrealProjects/Death-Of-Will/TheDeathOfWill/Content/FirstPersonArms/Animations/FP_Rifle_Shoot_Montage.uasset" 1889
"C:/Users/Lu1sR/Documents/UnrealProjects/Death-Of-Will/TheDeathOfWill/Content/FirstPersonArms/Animations/FP_Rifle_Shoot_Montage.uexp" 1890
"C:/Users/Lu1sR/Documents/UnrealProjects/Death-Of-Will/TheDeathOfWill/Content/FirstPerson/Blueprints/BP_Weapon_Component.uasset" 1891
"C:/Users/Lu1sR/Documents/UnrealProjects/Death-Of-Will/TheDeathOfWill/Content/FirstPerson/Blueprints/BP_Weapon_Component.uexp" 1892
"C:/Users/Lu1sR/Documents/UnrealProjects/Death-Of-Will/TheDeathOfWill/Content/Models/SciFiPistol/SciFiPistol_White_OcclusionRoughnessMetallic.ubulk" 1893
"C:/Users/Lu1sR/Documents/UnrealProjects/Death-Of-Will/TheDeathOfWill/Content/Models/SciFiPistol/SciFiPistol_White_OcclusionRoughnessMetallic.uasset" 1894
"C:/Users/Lu1sR/Documents/UnrealProjects/Death-Of-Will/TheDeathOfWill/Content/Models/SciFiPistol/SciFiPistol_White_OcclusionRoughnessMetallic.uexp" 1895
"C:/Users/Lu1sR/Documents/UnrealProjects/Death-Of-Will/TheDeathOfWill/Content/Models/SciFiPistol/SciFiPistol_White_Normal.ubulk" 1896
"C:/Users/Lu1sR/Documents/UnrealProjects/Death-Of-Will/TheDeathOfWill/Content/Models/SciFiPistol/SciFiPistol_White_Normal.uasset" 1897
"C:/Users/Lu1sR/Documents/UnrealProjects/Death-Of-Will/TheDeathOfWill/Content/Models/SciFiPistol/SciFiPistol_White_Normal.uexp" 1898
"C:/Users/Lu1sR/Documents/UnrealProjects/Death-Of-Will/TheDeathOfWill/Content/Models/SciFiPistol/SciFiPistol_White_BaseColor.ubulk" 1899
"C:/Users/Lu1sR/Documents/UnrealProjects/Death-Of-Will/TheDeathOfWill/Content/Models/SciFiPistol/SciFiPistol_White_BaseColor.uasset" 1900
"C:/Users/Lu1sR/Documents/UnrealProjects/Death-Of-Will/TheDeathOfWill/Content/Models/SciFiPistol/SciFiPistol_White_BaseColor.uexp" 1901
"C:/Users/Lu1sR/Documents/UnrealProjects/Death-Of-Will/TheDeathOfWill/Content/Models/SciFiPistol/SciFiPistol_White_Emissive.ubulk" 1902
"C:/Users/Lu1sR/Documents/UnrealProjects/Death-Of-Will/TheDeathOfWill/Content/Models/SciFiPistol/SciFiPistol_White_Emissive.uasset" 1903
"C:/Users/Lu1sR/Documents/UnrealProjects/Death-Of-Will/TheDeathOfWill/Content/Models/SciFiPistol/SciFiPistol_White_Emissive.uexp" 1904
"C:/Users/Lu1sR/Documents/UnrealProjects/Death-Of-Will/TheDeathOfWill/Content/Models/SciFiPistol/White.uasset" 1905
"C:/Users/Lu1sR/Documents/UnrealProjects/Death-Of-Will/TheDeathOfWill/Content/Models/SciFiPistol/White.uexp" 1906
"C:/Users/Lu1sR/Documents/UnrealProjects/Death-Of-Will/TheDeathOfWill/Content/Models/SciFiPistol/SK_SciFiPistol1.uasset" 1907
"C:/Users/Lu1sR/Documents/UnrealProjects/Death-Of-Will/TheDeathOfWill/Content/Models/SciFiPistol/SK_SciFiPistol1.uexp" 1908
"C:/Users/Lu1sR/Documents/UnrealProjects/Death-Of-Will/TheDeathOfWill/Content/Models/SciFiPistol/SciFiPistol_Black_001_Emissive.ubulk" 1909
"C:/Users/Lu1sR/Documents/UnrealProjects/Death-Of-Will/TheDeathOfWill/Content/Models/SciFiPistol/SciFiPistol_Black_001_Emissive.uasset" 1910
"C:/Users/Lu1sR/Documents/UnrealProjects/Death-Of-Will/TheDeathOfWill/Content/Models/SciFiPistol/SciFiPistol_Black_001_Emissive.uexp" 1911
"C:/Users/Lu1sR/Documents/UnrealProjects/Death-Of-Will/TheDeathOfWill/Content/Models/SciFiPistol/SciFiPistol_Black_001_Normal.ubulk" 1912
"C:/Users/Lu1sR/Documents/UnrealProjects/Death-Of-Will/TheDeathOfWill/Content/Models/SciFiPistol/SciFiPistol_Black_001_Normal.uasset" 1913
"C:/Users/Lu1sR/Documents/UnrealProjects/Death-Of-Will/TheDeathOfWill/Content/Models/SciFiPistol/SciFiPistol_Black_001_Normal.uexp" 1914
"C:/Users/Lu1sR/Documents/UnrealProjects/Death-Of-Will/TheDeathOfWill/Content/Models/SciFiPistol/SciFiPistol_Black_001_OcclusionRoughnessMetallic.ubulk" 1915
"C:/Users/Lu1sR/Documents/UnrealProjects/Death-Of-Will/TheDeathOfWill/Content/Models/SciFiPistol/SciFiPistol_Black_001_OcclusionRoughnessMetallic.uasset" 1916
"C:/Users/Lu1sR/Documents/UnrealProjects/Death-Of-Will/TheDeathOfWill/Content/Models/SciFiPistol/SciFiPistol_Black_001_OcclusionRoughnessMetallic.uexp" 1917
"C:/Users/Lu1sR/Documents/UnrealProjects/Death-Of-Will/TheDeathOfWill/Content/Models/SciFiPistol/SciFiPistol_Black_001_BaseColor.ubulk" 1918
"C:/Users/Lu1sR/Documents/UnrealProjects/Death-Of-Will/TheDeathOfWill/Content/Models/SciFiPistol/SciFiPistol_Black_001_BaseColor.uasset" 1919
"C:/Users/Lu1sR/Documents/UnrealProjects/Death-Of-Will/TheDeathOfWill/Content/Models/SciFiPistol/SciFiPistol_Black_001_BaseColor.uexp" 1920
"C:/Users/Lu1sR/Documents/UnrealProjects/Death-Of-Will/TheDeathOfWill/Content/Models/SciFiPistol/Black_001.uasset" 1921
"C:/Users/Lu1sR/Documents/UnrealProjects/Death-Of-Will/TheDeathOfWill/Content/Models/SciFiPistol/Black_001.uexp" 1922
"C:/Users/Lu1sR/Documents/UnrealProjects/Death-Of-Will/TheDeathOfWill/Content/Models/SciFiPistol/SKM_SciFiPistol1.uasset" 1923
"C:/Users/Lu1sR/Documents/UnrealProjects/Death-Of-Will/TheDeathOfWill/Content/Models/SciFiPistol/SKM_SciFiPistol1.uexp" 1924
"C:/Users/Lu1sR/Documents/UnrealProjects/Death-Of-Will/TheDeathOfWill/Content/FirstPerson/Blueprints/BP_Pickup_Rifle.uasset" 1925
"C:/Users/Lu1sR/Documents/UnrealProjects/Death-Of-Will/TheDeathOfWill/Content/FirstPerson/Blueprints/BP_Pickup_Rifle.uexp" 1926
"C:/Users/Lu1sR/Documents/UnrealProjects/Death-Of-Will/TheDeathOfWill/Content/Scenes/LimininalPoolRoom.uexp" 1927
"C:/Users/Lu1sR/Documents/UnrealProjects/Death-Of-Will/TheDeathOfWill/Content/Scenes/LimininalPoolRoom.ubulk" 1928
"C:/Users/Lu1sR/Documents/UnrealProjects/Death-Of-Will/TheDeathOfWill/Content/Scenes/LimininalPoolRoom.umap" 1929
"C:/Users/Lu1sR/Documents/UnrealProjects/Death-Of-Will/TheDeathOfWill/Content/Materials/Asphalt025C/Asphalt025C_1K-JPG_Color.ubulk" 1930
"C:/Users/Lu1sR/Documents/UnrealProjects/Death-Of-Will/TheDeathOfWill/Content/Materials/Asphalt025C/Asphalt025C_1K-JPG_Color.uasset" 1931
"C:/Users/Lu1sR/Documents/UnrealProjects/Death-Of-Will/TheDeathOfWill/Content/Materials/Asphalt025C/Asphalt025C_1K-JPG_Color.uexp" 1932
"../../../Engine/Content/ArtTools/RenderToTexture/Textures/127grey.uasset" 1933
"../../../Engine/Content/ArtTools/RenderToTexture/Textures/127grey.uexp" 1934
"C:/Users/Lu1sR/Documents/UnrealProjects/Death-Of-Will/TheDeathOfWill/Content/Materials/Asphalt025C/Asphalt025C_1K-JPG_NormalDX.ubulk" 1935
"C:/Users/Lu1sR/Documents/UnrealProjects/Death-Of-Will/TheDeathOfWill/Content/Materials/Asphalt025C/Asphalt025C_1K-JPG_NormalDX.uasset" 1936
"C:/Users/Lu1sR/Documents/UnrealProjects/Death-Of-Will/TheDeathOfWill/Content/Materials/Asphalt025C/Asphalt025C_1K-JPG_NormalDX.uexp" 1937
"../../../Engine/Content/EngineMaterials/RandomVectors_WithXNeighbor.uasset" 1938
"../../../Engine/Content/EngineMaterials/RandomVectors_WithXNeighbor.uexp" 1939
"../../../Engine/Content/Functions/Engine_MaterialFunctions02/Utility/DitherTemporalAA.uasset" 1940
"../../../Engine/Content/Functions/Engine_MaterialFunctions02/Utility/DitherTemporalAA.uexp" 1941
"../../../Engine/Content/Functions/Engine_MaterialFunctions03/Texturing/TextureVariation_RotateUV.uasset" 1942
"../../../Engine/Content/Functions/Engine_MaterialFunctions03/Texturing/TextureVariation_RotateUV.uexp" 1943
"../../../Engine/Content/Functions/Engine_MaterialFunctions03/Texturing/TextureVariation.uasset" 1944
"../../../Engine/Content/Functions/Engine_MaterialFunctions03/Texturing/TextureVariation.uexp" 1945
"C:/Users/Lu1sR/Documents/UnrealProjects/Death-Of-Will/TheDeathOfWill/Content/Materials/Asphalt025C/Asphalt025C_1K-JPG_Roughness_jpg.ubulk" 1946
"C:/Users/Lu1sR/Documents/UnrealProjects/Death-Of-Will/TheDeathOfWill/Content/Materials/Asphalt025C/Asphalt025C_1K-JPG_Roughness_jpg.uasset" 1947
"C:/Users/Lu1sR/Documents/UnrealProjects/Death-Of-Will/TheDeathOfWill/Content/Materials/Asphalt025C/Asphalt025C_1K-JPG_Roughness_jpg.uexp" 1948
"C:/Users/Lu1sR/Documents/UnrealProjects/Death-Of-Will/TheDeathOfWill/Content/Materials/Asphalt025C/Asphalt025C_1K-JPG_Roughness.ubulk" 1949
"C:/Users/Lu1sR/Documents/UnrealProjects/Death-Of-Will/TheDeathOfWill/Content/Materials/Asphalt025C/Asphalt025C_1K-JPG_Roughness.uasset" 1950
"C:/Users/Lu1sR/Documents/UnrealProjects/Death-Of-Will/TheDeathOfWill/Content/Materials/Asphalt025C/Asphalt025C_1K-JPG_Roughness.uexp" 1951
"C:/Users/Lu1sR/Documents/UnrealProjects/Death-Of-Will/TheDeathOfWill/Content/Materials/Asphalt025C/Asphalt025C_1K-JPG_AmbientOcclusion.ubulk" 1952
"C:/Users/Lu1sR/Documents/UnrealProjects/Death-Of-Will/TheDeathOfWill/Content/Materials/Asphalt025C/Asphalt025C_1K-JPG_AmbientOcclusion.uasset" 1953
"C:/Users/Lu1sR/Documents/UnrealProjects/Death-Of-Will/TheDeathOfWill/Content/Materials/Asphalt025C/Asphalt025C_1K-JPG_AmbientOcclusion.uexp" 1954
"C:/Users/Lu1sR/Documents/UnrealProjects/Death-Of-Will/TheDeathOfWill/Content/Materials/Asphalt025C/M_Asphalt025C.uasset" 1955
"C:/Users/Lu1sR/Documents/UnrealProjects/Death-Of-Will/TheDeathOfWill/Content/Materials/Asphalt025C/M_Asphalt025C.uexp" 1956
"C:/Users/Lu1sR/Documents/UnrealProjects/Death-Of-Will/TheDeathOfWill/Content/Materials/Asphalt025C/M_Asphalt025C_Inst2.uasset" 1957
"C:/Users/Lu1sR/Documents/UnrealProjects/Death-Of-Will/TheDeathOfWill/Content/Materials/Asphalt025C/M_Asphalt025C_Inst2.uexp" 1958
"C:/Users/Lu1sR/Documents/UnrealProjects/Death-Of-Will/TheDeathOfWill/Content/Materials/Asphalt025C/M_Asphalt025C_Inst1.uasset" 1959
"C:/Users/Lu1sR/Documents/UnrealProjects/Death-Of-Will/TheDeathOfWill/Content/Materials/Asphalt025C/M_Asphalt025C_Inst1.uexp" 1960
"C:/Users/Lu1sR/Documents/UnrealProjects/Death-Of-Will/TheDeathOfWill/Content/Models/Sidewalk/Sidewalk.ubulk" 1961
"C:/Users/Lu1sR/Documents/UnrealProjects/Death-Of-Will/TheDeathOfWill/Content/Models/Sidewalk/Sidewalk.uasset" 1962
"C:/Users/Lu1sR/Documents/UnrealProjects/Death-Of-Will/TheDeathOfWill/Content/Models/Sidewalk/Sidewalk.uexp" 1963
"../../../Engine/Content/EngineSky/T_Sky_Stars.ubulk" 1964
"../../../Engine/Content/EngineSky/T_Sky_Stars.uasset" 1965
"../../../Engine/Content/EngineSky/T_Sky_Stars.uexp" 1966
"../../../Engine/Content/EngineSky/T_Sky_Clouds_M.ubulk" 1967
"../../../Engine/Content/EngineSky/T_Sky_Clouds_M.uasset" 1968
"../../../Engine/Content/EngineSky/T_Sky_Clouds_M.uexp" 1969
"../../../Engine/Content/EngineSky/T_Sky_Blue.ubulk" 1970
"../../../Engine/Content/EngineSky/T_Sky_Blue.uasset" 1971
"../../../Engine/Content/EngineSky/T_Sky_Blue.uexp" 1972
"../../../Engine/Content/EngineSky/M_Sky_Panning_Clouds2.uasset" 1973
"../../../Engine/Content/EngineSky/M_Sky_Panning_Clouds2.uexp" 1974
"../../../Engine/Content/EngineSky/SM_SkySphere.ubulk" 1975
"../../../Engine/Content/EngineSky/SM_SkySphere.uasset" 1976
"../../../Engine/Content/EngineSky/SM_SkySphere.uexp" 1977
"C:/Users/Lu1sR/Documents/UnrealProjects/Death-Of-Will/TheDeathOfWill/Content/Materials/Asphalt025C/M_Asphalt025C_Inst.uasset" 1978
"C:/Users/Lu1sR/Documents/UnrealProjects/Death-Of-Will/TheDeathOfWill/Content/Materials/Asphalt025C/M_Asphalt025C_Inst.uexp" 1979
"C:/Users/Lu1sR/Documents/UnrealProjects/Death-Of-Will/TheDeathOfWill/Content/MoStreetProps/Materials/MI_BlackMetalC_Inst.uasset" 1980
"C:/Users/Lu1sR/Documents/UnrealProjects/Death-Of-Will/TheDeathOfWill/Content/MoStreetProps/Materials/MI_BlackMetalC_Inst.uexp" 1981
"C:/Users/Lu1sR/Documents/UnrealProjects/Death-Of-Will/TheDeathOfWill/Content/MoStreetProps/Materials/M_Emissive_Master.uasset" 1982
"C:/Users/Lu1sR/Documents/UnrealProjects/Death-Of-Will/TheDeathOfWill/Content/MoStreetProps/Materials/M_Emissive_Master.uexp" 1983
"C:/Users/Lu1sR/Documents/UnrealProjects/Death-Of-Will/TheDeathOfWill/Content/MoStreetProps/Materials/MI_Emissive_Inst.uasset" 1984
"C:/Users/Lu1sR/Documents/UnrealProjects/Death-Of-Will/TheDeathOfWill/Content/MoStreetProps/Materials/MI_Emissive_Inst.uexp" 1985
"C:/Users/Lu1sR/Documents/UnrealProjects/Death-Of-Will/TheDeathOfWill/Content/MoStreetProps/Textures/T_Decal_A.ubulk" 1986
"C:/Users/Lu1sR/Documents/UnrealProjects/Death-Of-Will/TheDeathOfWill/Content/MoStreetProps/Textures/T_Decal_A.uasset" 1987
"C:/Users/Lu1sR/Documents/UnrealProjects/Death-Of-Will/TheDeathOfWill/Content/MoStreetProps/Textures/T_Decal_A.uexp" 1988
"C:/Users/Lu1sR/Documents/UnrealProjects/Death-Of-Will/TheDeathOfWill/Content/MoStreetProps/Textures/T_Decal_N.ubulk" 1989
"C:/Users/Lu1sR/Documents/UnrealProjects/Death-Of-Will/TheDeathOfWill/Content/MoStreetProps/Textures/T_Decal_N.uasset" 1990
"C:/Users/Lu1sR/Documents/UnrealProjects/Death-Of-Will/TheDeathOfWill/Content/MoStreetProps/Textures/T_Decal_N.uexp" 1991
"C:/Users/Lu1sR/Documents/UnrealProjects/Death-Of-Will/TheDeathOfWill/Content/MoStreetProps/Textures/T_Decal_OOM.ubulk" 1992
"C:/Users/Lu1sR/Documents/UnrealProjects/Death-Of-Will/TheDeathOfWill/Content/MoStreetProps/Textures/T_Decal_OOM.uasset" 1993
"C:/Users/Lu1sR/Documents/UnrealProjects/Death-Of-Will/TheDeathOfWill/Content/MoStreetProps/Textures/T_Decal_OOM.uexp" 1994
"C:/Users/Lu1sR/Documents/UnrealProjects/Death-Of-Will/TheDeathOfWill/Content/MoStreetProps/Materials/M_BaseColorDecal.uasset" 1995
"C:/Users/Lu1sR/Documents/UnrealProjects/Death-Of-Will/TheDeathOfWill/Content/MoStreetProps/Materials/M_BaseColorDecal.uexp" 1996
"C:/Users/Lu1sR/Documents/UnrealProjects/Death-Of-Will/TheDeathOfWill/Content/MoStreetProps/Meshes/SM_StreetLight02.ubulk" 1997
"C:/Users/Lu1sR/Documents/UnrealProjects/Death-Of-Will/TheDeathOfWill/Content/MoStreetProps/Meshes/SM_StreetLight02.uasset" 1998
"C:/Users/Lu1sR/Documents/UnrealProjects/Death-Of-Will/TheDeathOfWill/Content/MoStreetProps/Meshes/SM_StreetLight02.uexp" 1999
"C:/Users/Lu1sR/Documents/UnrealProjects/Death-Of-Will/TheDeathOfWill/Content/MoStreetProps/Materials/MI_BlackMetalA_Inst.uasset" 2000
"C:/Users/Lu1sR/Documents/UnrealProjects/Death-Of-Will/TheDeathOfWill/Content/MoStreetProps/Materials/MI_BlackMetalA_Inst.uexp" 2001
"C:/Users/Lu1sR/Documents/UnrealProjects/Death-Of-Will/TheDeathOfWill/Content/MoStreetProps/Materials/MI_WhiteMetalA_Inst.uasset" 2002
"C:/Users/Lu1sR/Documents/UnrealProjects/Death-Of-Will/TheDeathOfWill/Content/MoStreetProps/Materials/MI_WhiteMetalA_Inst.uexp" 2003
"C:/Users/Lu1sR/Documents/UnrealProjects/Death-Of-Will/TheDeathOfWill/Content/MoStreetProps/Meshes/SM_StreetLight01.ubulk" 2004
"C:/Users/Lu1sR/Documents/UnrealProjects/Death-Of-Will/TheDeathOfWill/Content/MoStreetProps/Meshes/SM_StreetLight01.uasset" 2005
"C:/Users/Lu1sR/Documents/UnrealProjects/Death-Of-Will/TheDeathOfWill/Content/MoStreetProps/Meshes/SM_StreetLight01.uexp" 2006
"C:/Users/Lu1sR/Documents/UnrealProjects/Death-Of-Will/TheDeathOfWill/Content/MoStreetProps/Blueprints/BP_StreetLight_Parent.uasset" 2007
"C:/Users/Lu1sR/Documents/UnrealProjects/Death-Of-Will/TheDeathOfWill/Content/MoStreetProps/Blueprints/BP_StreetLight_Parent.uexp" 2008
"C:/Users/Lu1sR/Documents/UnrealProjects/Death-Of-Will/TheDeathOfWill/Content/MoStreetProps/Blueprints/BP_StreetLight02.uasset" 2009
"C:/Users/Lu1sR/Documents/UnrealProjects/Death-Of-Will/TheDeathOfWill/Content/MoStreetProps/Blueprints/BP_StreetLight02.uexp" 2010
"C:/Users/Lu1sR/Documents/UnrealProjects/Death-Of-Will/TheDeathOfWill/Content/Materials/PostProcessing/M_FishEye_Inst.uasset" 2011
"C:/Users/Lu1sR/Documents/UnrealProjects/Death-Of-Will/TheDeathOfWill/Content/Materials/PostProcessing/M_FishEye_Inst.uexp" 2012
"C:/Users/Lu1sR/Documents/UnrealProjects/Death-Of-Will/TheDeathOfWill/Content/Blueprints/BP_LimitWall.uasset" 2013
"C:/Users/Lu1sR/Documents/UnrealProjects/Death-Of-Will/TheDeathOfWill/Content/Blueprints/BP_LimitWall.uexp" 2014
"../../../Engine/Content/EngineSky/M_SimpleSkyDome.uasset" 2015
"../../../Engine/Content/EngineSky/M_SimpleSkyDome.uexp" 2016
"C:/Users/Lu1sR/Documents/UnrealProjects/Death-Of-Will/TheDeathOfWill/Content/Scenes/LimininalParkingLot.uexp" 2017
"C:/Users/Lu1sR/Documents/UnrealProjects/Death-Of-Will/TheDeathOfWill/Content/Scenes/LimininalParkingLot.ubulk" 2018
"C:/Users/Lu1sR/Documents/UnrealProjects/Death-Of-Will/TheDeathOfWill/Content/Scenes/LimininalParkingLot.umap" 2019
"../../../Engine/Content/Maps/Entry_BuiltData.uasset" 2020
"../../../Engine/Content/Maps/Entry_BuiltData.uexp" 2021
"../../../Engine/Content/Maps/Entry.uexp" 2022
"../../../Engine/Content/Maps/Entry.umap" 2023
"C:/Users/Lu1sR/Documents/UnrealProjects/Death-Of-Will/TheDeathOfWill/Content/MWLandscapeAutoMaterial/Textures/Cover/TEX_MWAM_CoverRocks_nrm.ubulk" 2024
"C:/Users/Lu1sR/Documents/UnrealProjects/Death-Of-Will/TheDeathOfWill/Content/MWLandscapeAutoMaterial/Textures/Cover/TEX_MWAM_CoverRocks_nrm.uasset" 2025
"C:/Users/Lu1sR/Documents/UnrealProjects/Death-Of-Will/TheDeathOfWill/Content/MWLandscapeAutoMaterial/Textures/Cover/TEX_MWAM_CoverRocks_nrm.uexp" 2026
"C:/Users/Lu1sR/Documents/UnrealProjects/Death-Of-Will/TheDeathOfWill/Content/MWLandscapeAutoMaterial/Materials/MASTER/Func/MF_MWAM_Opacity.uasset" 2027
"C:/Users/Lu1sR/Documents/UnrealProjects/Death-Of-Will/TheDeathOfWill/Content/MWLandscapeAutoMaterial/Materials/MASTER/Func/MF_MWAM_Opacity.uexp" 2028
"C:/Users/Lu1sR/Documents/UnrealProjects/Death-Of-Will/TheDeathOfWill/Content/MWLandscapeAutoMaterial/Textures/TEX_MW_Temp_col.ubulk" 2029
"C:/Users/Lu1sR/Documents/UnrealProjects/Death-Of-Will/TheDeathOfWill/Content/MWLandscapeAutoMaterial/Textures/TEX_MW_Temp_col.uasset" 2030
"C:/Users/Lu1sR/Documents/UnrealProjects/Death-Of-Will/TheDeathOfWill/Content/MWLandscapeAutoMaterial/Textures/TEX_MW_Temp_col.uexp" 2031
"C:/Users/Lu1sR/Documents/UnrealProjects/Death-Of-Will/TheDeathOfWill/Content/MWLandscapeAutoMaterial/Materials/MASTER/Func/MF_MWAM_SubSurface.uasset" 2032
"C:/Users/Lu1sR/Documents/UnrealProjects/Death-Of-Will/TheDeathOfWill/Content/MWLandscapeAutoMaterial/Materials/MASTER/Func/MF_MWAM_SubSurface.uexp" 2033
"C:/Users/Lu1sR/Documents/UnrealProjects/Death-Of-Will/TheDeathOfWill/Content/MWLandscapeAutoMaterial/Textures/TEX_MW_Temp_nrm.ubulk" 2034
"C:/Users/Lu1sR/Documents/UnrealProjects/Death-Of-Will/TheDeathOfWill/Content/MWLandscapeAutoMaterial/Textures/TEX_MW_Temp_nrm.uasset" 2035
"C:/Users/Lu1sR/Documents/UnrealProjects/Death-Of-Will/TheDeathOfWill/Content/MWLandscapeAutoMaterial/Textures/TEX_MW_Temp_nrm.uexp" 2036
"C:/Users/Lu1sR/Documents/UnrealProjects/Death-Of-Will/TheDeathOfWill/Content/MWLandscapeAutoMaterial/Materials/MASTER/Func/MF_MWAM_Roughness.uasset" 2037
"C:/Users/Lu1sR/Documents/UnrealProjects/Death-Of-Will/TheDeathOfWill/Content/MWLandscapeAutoMaterial/Materials/MASTER/Func/MF_MWAM_Roughness.uexp" 2038
"../../../Engine/Content/Functions/Engine_MaterialFunctions01/SpeedTree/SpeedTreeBillboardNormals.uasset" 2039
"../../../Engine/Content/Functions/Engine_MaterialFunctions01/SpeedTree/SpeedTreeBillboardNormals.uexp" 2040
"../../../Engine/Content/Functions/Engine_MaterialFunctions01/WorldPositionOffset/SimpleGrassWind.uasset" 2041
"../../../Engine/Content/Functions/Engine_MaterialFunctions01/WorldPositionOffset/SimpleGrassWind.uexp" 2042
"../../../Engine/Content/Functions/Engine_MaterialFunctions02/WorldPositionOffset/ObjectPivotPoint.uasset" 2043
"../../../Engine/Content/Functions/Engine_MaterialFunctions02/WorldPositionOffset/ObjectPivotPoint.uexp" 2044
"C:/Users/Lu1sR/Documents/UnrealProjects/Death-Of-Will/TheDeathOfWill/Content/MWLandscapeAutoMaterial/Materials/MASTER/Func/MF_MWAM_PivotMask.uasset" 2045
"C:/Users/Lu1sR/Documents/UnrealProjects/Death-Of-Will/TheDeathOfWill/Content/MWLandscapeAutoMaterial/Materials/MASTER/Func/MF_MWAM_PivotMask.uexp" 2046
"C:/Users/Lu1sR/Documents/UnrealProjects/Death-Of-Will/TheDeathOfWill/Content/MWLandscapeAutoMaterial/Textures/TEX_MW_Temp_msk.ubulk" 2047
"C:/Users/Lu1sR/Documents/UnrealProjects/Death-Of-Will/TheDeathOfWill/Content/MWLandscapeAutoMaterial/Textures/TEX_MW_Temp_msk.uasset" 2048
"C:/Users/Lu1sR/Documents/UnrealProjects/Death-Of-Will/TheDeathOfWill/Content/MWLandscapeAutoMaterial/Textures/TEX_MW_Temp_msk.uexp" 2049
"C:/Users/Lu1sR/Documents/UnrealProjects/Death-Of-Will/TheDeathOfWill/Content/MWLandscapeAutoMaterial/Materials/MASTER/MTL_MWAM_CoverFoliage_MASTER.uasset" 2050
"C:/Users/Lu1sR/Documents/UnrealProjects/Death-Of-Will/TheDeathOfWill/Content/MWLandscapeAutoMaterial/Materials/MASTER/MTL_MWAM_CoverFoliage_MASTER.uexp" 2051
"C:/Users/Lu1sR/Documents/UnrealProjects/Death-Of-Will/TheDeathOfWill/Content/MWLandscapeAutoMaterial/Textures/Cover/TEX_MWAM_CoverRocks_col.ubulk" 2052
"C:/Users/Lu1sR/Documents/UnrealProjects/Death-Of-Will/TheDeathOfWill/Content/MWLandscapeAutoMaterial/Textures/Cover/TEX_MWAM_CoverRocks_col.uasset" 2053
"C:/Users/Lu1sR/Documents/UnrealProjects/Death-Of-Will/TheDeathOfWill/Content/MWLandscapeAutoMaterial/Textures/Cover/TEX_MWAM_CoverRocks_col.uexp" 2054
"C:/Users/Lu1sR/Documents/UnrealProjects/Death-Of-Will/TheDeathOfWill/Content/MWLandscapeAutoMaterial/Materials/Cover/MTL_MWAM_CoverSnow.uasset" 2055
"C:/Users/Lu1sR/Documents/UnrealProjects/Death-Of-Will/TheDeathOfWill/Content/MWLandscapeAutoMaterial/Materials/Cover/MTL_MWAM_CoverSnow.uexp" 2056
"C:/Users/Lu1sR/Documents/UnrealProjects/Death-Of-Will/TheDeathOfWill/Content/MWLandscapeAutoMaterial/Meshes/Cover/SM_MWAM_SnowC.ubulk" 2057
"C:/Users/Lu1sR/Documents/UnrealProjects/Death-Of-Will/TheDeathOfWill/Content/MWLandscapeAutoMaterial/Meshes/Cover/SM_MWAM_SnowC.uasset" 2058
"C:/Users/Lu1sR/Documents/UnrealProjects/Death-Of-Will/TheDeathOfWill/Content/MWLandscapeAutoMaterial/Meshes/Cover/SM_MWAM_SnowC.uexp" 2059
"C:/Users/Lu1sR/Documents/UnrealProjects/Death-Of-Will/TheDeathOfWill/Content/MWLandscapeAutoMaterial/Meshes/Cover/SM_MWAM_SnowD.ubulk" 2060
"C:/Users/Lu1sR/Documents/UnrealProjects/Death-Of-Will/TheDeathOfWill/Content/MWLandscapeAutoMaterial/Meshes/Cover/SM_MWAM_SnowD.uasset" 2061
"C:/Users/Lu1sR/Documents/UnrealProjects/Death-Of-Will/TheDeathOfWill/Content/MWLandscapeAutoMaterial/Meshes/Cover/SM_MWAM_SnowD.uexp" 2062
"C:/Users/Lu1sR/Documents/UnrealProjects/Death-Of-Will/TheDeathOfWill/Content/MWLandscapeAutoMaterial/Meshes/Cover/SM_MWAM_SnowB.ubulk" 2063
"C:/Users/Lu1sR/Documents/UnrealProjects/Death-Of-Will/TheDeathOfWill/Content/MWLandscapeAutoMaterial/Meshes/Cover/SM_MWAM_SnowB.uasset" 2064
"C:/Users/Lu1sR/Documents/UnrealProjects/Death-Of-Will/TheDeathOfWill/Content/MWLandscapeAutoMaterial/Meshes/Cover/SM_MWAM_SnowB.uexp" 2065
"C:/Users/Lu1sR/Documents/UnrealProjects/Death-Of-Will/TheDeathOfWill/Content/MWLandscapeAutoMaterial/Meshes/Cover/SM_MWAM_Snow.ubulk" 2066
"C:/Users/Lu1sR/Documents/UnrealProjects/Death-Of-Will/TheDeathOfWill/Content/MWLandscapeAutoMaterial/Meshes/Cover/SM_MWAM_Snow.uasset" 2067
"C:/Users/Lu1sR/Documents/UnrealProjects/Death-Of-Will/TheDeathOfWill/Content/MWLandscapeAutoMaterial/Meshes/Cover/SM_MWAM_Snow.uexp" 2068
"C:/Users/Lu1sR/Documents/UnrealProjects/Death-Of-Will/TheDeathOfWill/Content/MWLandscapeAutoMaterial/Procedurals/LGT_MWAM_Snow.uasset" 2069
"C:/Users/Lu1sR/Documents/UnrealProjects/Death-Of-Will/TheDeathOfWill/Content/MWLandscapeAutoMaterial/Procedurals/LGT_MWAM_Snow.uexp" 2070
"C:/Users/Lu1sR/Documents/UnrealProjects/Death-Of-Will/TheDeathOfWill/Content/MWLandscapeAutoMaterial/Procedurals/LGT_MWAM_Dirt.uasset" 2071
"C:/Users/Lu1sR/Documents/UnrealProjects/Death-Of-Will/TheDeathOfWill/Content/MWLandscapeAutoMaterial/Procedurals/LGT_MWAM_Dirt.uexp" 2072
"C:/Users/Lu1sR/Documents/UnrealProjects/Death-Of-Will/TheDeathOfWill/Content/MWLandscapeAutoMaterial/Materials/MASTER/PhyMat/PM_MW_Snow.uasset" 2073
"C:/Users/Lu1sR/Documents/UnrealProjects/Death-Of-Will/TheDeathOfWill/Content/MWLandscapeAutoMaterial/Materials/MASTER/PhyMat/PM_MW_Snow.uexp" 2074
"C:/Users/Lu1sR/Documents/UnrealProjects/Death-Of-Will/TheDeathOfWill/Content/MWLandscapeAutoMaterial/Materials/MASTER/PhyMat/PM_MW_Stones.uasset" 2075
"C:/Users/Lu1sR/Documents/UnrealProjects/Death-Of-Will/TheDeathOfWill/Content/MWLandscapeAutoMaterial/Materials/MASTER/PhyMat/PM_MW_Stones.uexp" 2076
"C:/Users/Lu1sR/Documents/UnrealProjects/Death-Of-Will/TheDeathOfWill/Content/MWLandscapeAutoMaterial/Materials/Cover/MTL_MWAM_CoverRocks.uasset" 2077
"C:/Users/Lu1sR/Documents/UnrealProjects/Death-Of-Will/TheDeathOfWill/Content/MWLandscapeAutoMaterial/Materials/Cover/MTL_MWAM_CoverRocks.uexp" 2078
"C:/Users/Lu1sR/Documents/UnrealProjects/Death-Of-Will/TheDeathOfWill/Content/MWLandscapeAutoMaterial/Meshes/Cover/SM_MWAM_StoneC.ubulk" 2079
"C:/Users/Lu1sR/Documents/UnrealProjects/Death-Of-Will/TheDeathOfWill/Content/MWLandscapeAutoMaterial/Meshes/Cover/SM_MWAM_StoneC.uasset" 2080
"C:/Users/Lu1sR/Documents/UnrealProjects/Death-Of-Will/TheDeathOfWill/Content/MWLandscapeAutoMaterial/Meshes/Cover/SM_MWAM_StoneC.uexp" 2081
"C:/Users/Lu1sR/Documents/UnrealProjects/Death-Of-Will/TheDeathOfWill/Content/MWLandscapeAutoMaterial/Meshes/Cover/SM_MWAM_StoneB.ubulk" 2082
"C:/Users/Lu1sR/Documents/UnrealProjects/Death-Of-Will/TheDeathOfWill/Content/MWLandscapeAutoMaterial/Meshes/Cover/SM_MWAM_StoneB.uasset" 2083
"C:/Users/Lu1sR/Documents/UnrealProjects/Death-Of-Will/TheDeathOfWill/Content/MWLandscapeAutoMaterial/Meshes/Cover/SM_MWAM_StoneB.uexp" 2084
"C:/Users/Lu1sR/Documents/UnrealProjects/Death-Of-Will/TheDeathOfWill/Content/MWLandscapeAutoMaterial/Meshes/Cover/SM_MWAM_StoneD.ubulk" 2085
"C:/Users/Lu1sR/Documents/UnrealProjects/Death-Of-Will/TheDeathOfWill/Content/MWLandscapeAutoMaterial/Meshes/Cover/SM_MWAM_StoneD.uasset" 2086
"C:/Users/Lu1sR/Documents/UnrealProjects/Death-Of-Will/TheDeathOfWill/Content/MWLandscapeAutoMaterial/Meshes/Cover/SM_MWAM_StoneD.uexp" 2087
"C:/Users/Lu1sR/Documents/UnrealProjects/Death-Of-Will/TheDeathOfWill/Content/MWLandscapeAutoMaterial/Meshes/Cover/SM_MWAM_StoneA.ubulk" 2088
"C:/Users/Lu1sR/Documents/UnrealProjects/Death-Of-Will/TheDeathOfWill/Content/MWLandscapeAutoMaterial/Meshes/Cover/SM_MWAM_StoneA.uasset" 2089
"C:/Users/Lu1sR/Documents/UnrealProjects/Death-Of-Will/TheDeathOfWill/Content/MWLandscapeAutoMaterial/Meshes/Cover/SM_MWAM_StoneA.uexp" 2090
"C:/Users/Lu1sR/Documents/UnrealProjects/Death-Of-Will/TheDeathOfWill/Content/MWLandscapeAutoMaterial/Procedurals/LGT_MWAM_Stones.uasset" 2091
"C:/Users/Lu1sR/Documents/UnrealProjects/Death-Of-Will/TheDeathOfWill/Content/MWLandscapeAutoMaterial/Procedurals/LGT_MWAM_Stones.uexp" 2092
"C:/Users/Lu1sR/Documents/UnrealProjects/Death-Of-Will/TheDeathOfWill/Content/MWLandscapeAutoMaterial/Materials/MASTER/PhyMat/PM_MW_Rocks.uasset" 2093
"C:/Users/Lu1sR/Documents/UnrealProjects/Death-Of-Will/TheDeathOfWill/Content/MWLandscapeAutoMaterial/Materials/MASTER/PhyMat/PM_MW_Rocks.uexp" 2094
"C:/Users/Lu1sR/Documents/UnrealProjects/Death-Of-Will/TheDeathOfWill/Content/MWLandscapeAutoMaterial/Procedurals/LGT_MWAM_Rock.uasset" 2095
"C:/Users/Lu1sR/Documents/UnrealProjects/Death-Of-Will/TheDeathOfWill/Content/MWLandscapeAutoMaterial/Procedurals/LGT_MWAM_Rock.uexp" 2096
"C:/Users/Lu1sR/Documents/UnrealProjects/Death-Of-Will/TheDeathOfWill/Content/MWLandscapeAutoMaterial/Materials/MASTER/PhyMat/PM_MW_Water.uasset" 2097
"C:/Users/Lu1sR/Documents/UnrealProjects/Death-Of-Will/TheDeathOfWill/Content/MWLandscapeAutoMaterial/Materials/MASTER/PhyMat/PM_MW_Water.uexp" 2098
"C:/Users/Lu1sR/Documents/UnrealProjects/Death-Of-Will/TheDeathOfWill/Content/MWLandscapeAutoMaterial/Textures/Ground/TEX_MWAM_Rock_col.ubulk" 2099
"C:/Users/Lu1sR/Documents/UnrealProjects/Death-Of-Will/TheDeathOfWill/Content/MWLandscapeAutoMaterial/Textures/Ground/TEX_MWAM_Rock_col.uasset" 2100
"C:/Users/Lu1sR/Documents/UnrealProjects/Death-Of-Will/TheDeathOfWill/Content/MWLandscapeAutoMaterial/Textures/Ground/TEX_MWAM_Rock_col.uexp" 2101
"C:/Users/Lu1sR/Documents/UnrealProjects/Death-Of-Will/TheDeathOfWill/Content/MWLandscapeAutoMaterial/Textures/Ground/TEX_MWAM_SandC_col.ubulk" 2102
"C:/Users/Lu1sR/Documents/UnrealProjects/Death-Of-Will/TheDeathOfWill/Content/MWLandscapeAutoMaterial/Textures/Ground/TEX_MWAM_SandC_col.uasset" 2103
"C:/Users/Lu1sR/Documents/UnrealProjects/Death-Of-Will/TheDeathOfWill/Content/MWLandscapeAutoMaterial/Textures/Ground/TEX_MWAM_SandC_col.uexp" 2104
"C:/Users/Lu1sR/Documents/UnrealProjects/Death-Of-Will/TheDeathOfWill/Content/MWLandscapeAutoMaterial/Textures/Ground/TEX_MWAM_Snow_col.ubulk" 2105
"C:/Users/Lu1sR/Documents/UnrealProjects/Death-Of-Will/TheDeathOfWill/Content/MWLandscapeAutoMaterial/Textures/Ground/TEX_MWAM_Snow_col.uasset" 2106
"C:/Users/Lu1sR/Documents/UnrealProjects/Death-Of-Will/TheDeathOfWill/Content/MWLandscapeAutoMaterial/Textures/Ground/TEX_MWAM_Snow_col.uexp" 2107
"C:/Users/Lu1sR/Documents/UnrealProjects/Death-Of-Will/TheDeathOfWill/Content/MWLandscapeAutoMaterial/Textures/Ground/TEX_MWAM_SandA_nrm.ubulk" 2108
"C:/Users/Lu1sR/Documents/UnrealProjects/Death-Of-Will/TheDeathOfWill/Content/MWLandscapeAutoMaterial/Textures/Ground/TEX_MWAM_SandA_nrm.uasset" 2109
"C:/Users/Lu1sR/Documents/UnrealProjects/Death-Of-Will/TheDeathOfWill/Content/MWLandscapeAutoMaterial/Textures/Ground/TEX_MWAM_SandA_nrm.uexp" 2110
"C:/Users/Lu1sR/Documents/UnrealProjects/Death-Of-Will/TheDeathOfWill/Content/MWLandscapeAutoMaterial/Textures/Ground/TEX_MWAM_SandA_col.ubulk" 2111
"C:/Users/Lu1sR/Documents/UnrealProjects/Death-Of-Will/TheDeathOfWill/Content/MWLandscapeAutoMaterial/Textures/Ground/TEX_MWAM_SandA_col.uasset" 2112
"C:/Users/Lu1sR/Documents/UnrealProjects/Death-Of-Will/TheDeathOfWill/Content/MWLandscapeAutoMaterial/Textures/Ground/TEX_MWAM_SandA_col.uexp" 2113
"C:/Users/Lu1sR/Documents/UnrealProjects/Death-Of-Will/TheDeathOfWill/Content/MWLandscapeAutoMaterial/Textures/Ground/TEX_MWAM_Snow_nrm.ubulk" 2114
"C:/Users/Lu1sR/Documents/UnrealProjects/Death-Of-Will/TheDeathOfWill/Content/MWLandscapeAutoMaterial/Textures/Ground/TEX_MWAM_Snow_nrm.uasset" 2115
"C:/Users/Lu1sR/Documents/UnrealProjects/Death-Of-Will/TheDeathOfWill/Content/MWLandscapeAutoMaterial/Textures/Ground/TEX_MWAM_Snow_nrm.uexp" 2116
"C:/Users/Lu1sR/Documents/UnrealProjects/Death-Of-Will/TheDeathOfWill/Content/MWLandscapeAutoMaterial/Textures/Extra/TEX_MWAM_Variation_msk.ubulk" 2117
"C:/Users/Lu1sR/Documents/UnrealProjects/Death-Of-Will/TheDeathOfWill/Content/MWLandscapeAutoMaterial/Textures/Extra/TEX_MWAM_Variation_msk.uasset" 2118
"C:/Users/Lu1sR/Documents/UnrealProjects/Death-Of-Will/TheDeathOfWill/Content/MWLandscapeAutoMaterial/Textures/Extra/TEX_MWAM_Variation_msk.uexp" 2119
"C:/Users/Lu1sR/Documents/UnrealProjects/Death-Of-Will/TheDeathOfWill/Content/MWLandscapeAutoMaterial/Textures/Ground/TEX_MWAM_Grass_nrm.ubulk" 2120
"C:/Users/Lu1sR/Documents/UnrealProjects/Death-Of-Will/TheDeathOfWill/Content/MWLandscapeAutoMaterial/Textures/Ground/TEX_MWAM_Grass_nrm.uasset" 2121
"C:/Users/Lu1sR/Documents/UnrealProjects/Death-Of-Will/TheDeathOfWill/Content/MWLandscapeAutoMaterial/Textures/Ground/TEX_MWAM_Grass_nrm.uexp" 2122
"C:/Users/Lu1sR/Documents/UnrealProjects/Death-Of-Will/TheDeathOfWill/Content/MWLandscapeAutoMaterial/Textures/Ground/TEX_MWAM_Rock_nrm.ubulk" 2123
"C:/Users/Lu1sR/Documents/UnrealProjects/Death-Of-Will/TheDeathOfWill/Content/MWLandscapeAutoMaterial/Textures/Ground/TEX_MWAM_Rock_nrm.uasset" 2124
"C:/Users/Lu1sR/Documents/UnrealProjects/Death-Of-Will/TheDeathOfWill/Content/MWLandscapeAutoMaterial/Textures/Ground/TEX_MWAM_Rock_nrm.uexp" 2125
"C:/Users/Lu1sR/Documents/UnrealProjects/Death-Of-Will/TheDeathOfWill/Content/MWLandscapeAutoMaterial/Textures/Ground/TEX_MWAM_Grass_col.ubulk" 2126
"C:/Users/Lu1sR/Documents/UnrealProjects/Death-Of-Will/TheDeathOfWill/Content/MWLandscapeAutoMaterial/Textures/Ground/TEX_MWAM_Grass_col.uasset" 2127
"C:/Users/Lu1sR/Documents/UnrealProjects/Death-Of-Will/TheDeathOfWill/Content/MWLandscapeAutoMaterial/Textures/Ground/TEX_MWAM_Grass_col.uexp" 2128
"C:/Users/Lu1sR/Documents/UnrealProjects/Death-Of-Will/TheDeathOfWill/Content/MWLandscapeAutoMaterial/Textures/Ground/TEX_MWAM_SandC_nrm.ubulk" 2129
"C:/Users/Lu1sR/Documents/UnrealProjects/Death-Of-Will/TheDeathOfWill/Content/MWLandscapeAutoMaterial/Textures/Ground/TEX_MWAM_SandC_nrm.uasset" 2130
"C:/Users/Lu1sR/Documents/UnrealProjects/Death-Of-Will/TheDeathOfWill/Content/MWLandscapeAutoMaterial/Textures/Ground/TEX_MWAM_SandC_nrm.uexp" 2131
"C:/Users/Lu1sR/Documents/UnrealProjects/Death-Of-Will/TheDeathOfWill/Content/MWLandscapeAutoMaterial/Textures/Extra/TEX_MWAM_Variation_nrm.ubulk" 2132
"C:/Users/Lu1sR/Documents/UnrealProjects/Death-Of-Will/TheDeathOfWill/Content/MWLandscapeAutoMaterial/Textures/Extra/TEX_MWAM_Variation_nrm.uasset" 2133
"C:/Users/Lu1sR/Documents/UnrealProjects/Death-Of-Will/TheDeathOfWill/Content/MWLandscapeAutoMaterial/Textures/Extra/TEX_MWAM_Variation_nrm.uexp" 2134
"C:/Users/Lu1sR/Documents/UnrealProjects/Death-Of-Will/TheDeathOfWill/Content/MWLandscapeAutoMaterial/Materials/MASTER/Func/MF_MWAM_CombineNormal.uasset" 2135
"C:/Users/Lu1sR/Documents/UnrealProjects/Death-Of-Will/TheDeathOfWill/Content/MWLandscapeAutoMaterial/Materials/MASTER/Func/MF_MWAM_CombineNormal.uexp" 2136
"../../../Engine/Content/Functions/Engine_MaterialFunctions01/Texturing/SlopeMask.uasset" 2137
"../../../Engine/Content/Functions/Engine_MaterialFunctions01/Texturing/SlopeMask.uexp" 2138
"C:/Users/Lu1sR/Documents/UnrealProjects/Death-Of-Will/TheDeathOfWill/Content/MWLandscapeAutoMaterial/Materials/MASTER/Func/MF_MWAM_WaterMask.uasset" 2139
"C:/Users/Lu1sR/Documents/UnrealProjects/Death-Of-Will/TheDeathOfWill/Content/MWLandscapeAutoMaterial/Materials/MASTER/Func/MF_MWAM_WaterMask.uexp" 2140
"C:/Users/Lu1sR/Documents/UnrealProjects/Death-Of-Will/TheDeathOfWill/Content/MWLandscapeAutoMaterial/Materials/MASTER/Func/MF_MWAM_Snow.uasset" 2141
"C:/Users/Lu1sR/Documents/UnrealProjects/Death-Of-Will/TheDeathOfWill/Content/MWLandscapeAutoMaterial/Materials/MASTER/Func/MF_MWAM_Snow.uexp" 2142
"C:/Users/Lu1sR/Documents/UnrealProjects/Death-Of-Will/TheDeathOfWill/Content/MWLandscapeAutoMaterial/Materials/MASTER/Func/MF_MWAM_CombineNormalSimple.uasset" 2143
"C:/Users/Lu1sR/Documents/UnrealProjects/Death-Of-Will/TheDeathOfWill/Content/MWLandscapeAutoMaterial/Materials/MASTER/Func/MF_MWAM_CombineNormalSimple.uexp" 2144
"C:/Users/Lu1sR/Documents/UnrealProjects/Death-Of-Will/TheDeathOfWill/Content/MWLandscapeAutoMaterial/Materials/MASTER/Func/MF_MWAM_LayerBlend.uasset" 2145
"C:/Users/Lu1sR/Documents/UnrealProjects/Death-Of-Will/TheDeathOfWill/Content/MWLandscapeAutoMaterial/Materials/MASTER/Func/MF_MWAM_LayerBlend.uexp" 2146
"C:/Users/Lu1sR/Documents/UnrealProjects/Death-Of-Will/TheDeathOfWill/Content/MWLandscapeAutoMaterial/Materials/MASTER/Func/MF_MWAM_DefaultLayer.uasset" 2147
"C:/Users/Lu1sR/Documents/UnrealProjects/Death-Of-Will/TheDeathOfWill/Content/MWLandscapeAutoMaterial/Materials/MASTER/Func/MF_MWAM_DefaultLayer.uexp" 2148
"C:/Users/Lu1sR/Documents/UnrealProjects/Death-Of-Will/TheDeathOfWill/Content/MWLandscapeAutoMaterial/Materials/MASTER/Func/MF_MWAM_LandscapeUVs.uasset" 2149
"C:/Users/Lu1sR/Documents/UnrealProjects/Death-Of-Will/TheDeathOfWill/Content/MWLandscapeAutoMaterial/Materials/MASTER/Func/MF_MWAM_LandscapeUVs.uexp" 2150
"C:/Users/Lu1sR/Documents/UnrealProjects/Death-Of-Will/TheDeathOfWill/Content/MWLandscapeAutoMaterial/Materials/MASTER/PhyMat/PM_MW_Dirt.uasset" 2151
"C:/Users/Lu1sR/Documents/UnrealProjects/Death-Of-Will/TheDeathOfWill/Content/MWLandscapeAutoMaterial/Materials/MASTER/PhyMat/PM_MW_Dirt.uexp" 2152
"C:/Users/Lu1sR/Documents/UnrealProjects/Death-Of-Will/TheDeathOfWill/Content/MWLandscapeAutoMaterial/Materials/MASTER/Func/MF_MWAM_SlopeMask.uasset" 2153
"C:/Users/Lu1sR/Documents/UnrealProjects/Death-Of-Will/TheDeathOfWill/Content/MWLandscapeAutoMaterial/Materials/MASTER/Func/MF_MWAM_SlopeMask.uexp" 2154
"C:/Users/Lu1sR/Documents/UnrealProjects/Death-Of-Will/TheDeathOfWill/Content/MWLandscapeAutoMaterial/Materials/MASTER/Func/MF_MWAM_DepthFade.uasset" 2155
"C:/Users/Lu1sR/Documents/UnrealProjects/Death-Of-Will/TheDeathOfWill/Content/MWLandscapeAutoMaterial/Materials/MASTER/Func/MF_MWAM_DepthFade.uexp" 2156
"C:/Users/Lu1sR/Documents/UnrealProjects/Death-Of-Will/TheDeathOfWill/Content/MWLandscapeAutoMaterial/Textures/FX/TEX_MW_WaterA_nrm.ubulk" 2157
"C:/Users/Lu1sR/Documents/UnrealProjects/Death-Of-Will/TheDeathOfWill/Content/MWLandscapeAutoMaterial/Textures/FX/TEX_MW_WaterA_nrm.uasset" 2158
"C:/Users/Lu1sR/Documents/UnrealProjects/Death-Of-Will/TheDeathOfWill/Content/MWLandscapeAutoMaterial/Textures/FX/TEX_MW_WaterA_nrm.uexp" 2159
"C:/Users/Lu1sR/Documents/UnrealProjects/Death-Of-Will/TheDeathOfWill/Content/MWLandscapeAutoMaterial/Materials/MASTER/Func/MW_MWAM_Water.uasset" 2160
"C:/Users/Lu1sR/Documents/UnrealProjects/Death-Of-Will/TheDeathOfWill/Content/MWLandscapeAutoMaterial/Materials/MASTER/Func/MW_MWAM_Water.uexp" 2161
"C:/Users/Lu1sR/Documents/UnrealProjects/Death-Of-Will/TheDeathOfWill/Content/MWLandscapeAutoMaterial/Materials/MASTER/PhyMat/PM_MW_Grass.uasset" 2162
"C:/Users/Lu1sR/Documents/UnrealProjects/Death-Of-Will/TheDeathOfWill/Content/MWLandscapeAutoMaterial/Materials/MASTER/PhyMat/PM_MW_Grass.uexp" 2163
"C:/Users/Lu1sR/Documents/UnrealProjects/Death-Of-Will/TheDeathOfWill/Content/MWLandscapeAutoMaterial/Textures/FX/TEX_MW_Noise_msk.ubulk" 2164
"C:/Users/Lu1sR/Documents/UnrealProjects/Death-Of-Will/TheDeathOfWill/Content/MWLandscapeAutoMaterial/Textures/FX/TEX_MW_Noise_msk.uasset" 2165
"C:/Users/Lu1sR/Documents/UnrealProjects/Death-Of-Will/TheDeathOfWill/Content/MWLandscapeAutoMaterial/Textures/FX/TEX_MW_Noise_msk.uexp" 2166
"C:/Users/Lu1sR/Documents/UnrealProjects/Death-Of-Will/TheDeathOfWill/Content/MWLandscapeAutoMaterial/Materials/MASTER/Func/MF_MWAM_SnowMask.uasset" 2167
"C:/Users/Lu1sR/Documents/UnrealProjects/Death-Of-Will/TheDeathOfWill/Content/MWLandscapeAutoMaterial/Materials/MASTER/Func/MF_MWAM_SnowMask.uexp" 2168
"C:/Users/Lu1sR/Documents/UnrealProjects/Death-Of-Will/TheDeathOfWill/Content/MWLandscapeAutoMaterial/Textures/Plants/TEX_MWAM_Grass_col.ubulk" 2169
"C:/Users/Lu1sR/Documents/UnrealProjects/Death-Of-Will/TheDeathOfWill/Content/MWLandscapeAutoMaterial/Textures/Plants/TEX_MWAM_Grass_col.uasset" 2170
"C:/Users/Lu1sR/Documents/UnrealProjects/Death-Of-Will/TheDeathOfWill/Content/MWLandscapeAutoMaterial/Textures/Plants/TEX_MWAM_Grass_col.uexp" 2171
"C:/Users/Lu1sR/Documents/UnrealProjects/Death-Of-Will/TheDeathOfWill/Content/MWLandscapeAutoMaterial/Textures/Plants/TEX_MWAM_Grass_nrm.ubulk" 2172
"C:/Users/Lu1sR/Documents/UnrealProjects/Death-Of-Will/TheDeathOfWill/Content/MWLandscapeAutoMaterial/Textures/Plants/TEX_MWAM_Grass_nrm.uasset" 2173
"C:/Users/Lu1sR/Documents/UnrealProjects/Death-Of-Will/TheDeathOfWill/Content/MWLandscapeAutoMaterial/Textures/Plants/TEX_MWAM_Grass_nrm.uexp" 2174
"C:/Users/Lu1sR/Documents/UnrealProjects/Death-Of-Will/TheDeathOfWill/Content/MWLandscapeAutoMaterial/Materials/Plants/MTL_MWAM_PlantsGrass.uasset" 2175
"C:/Users/Lu1sR/Documents/UnrealProjects/Death-Of-Will/TheDeathOfWill/Content/MWLandscapeAutoMaterial/Materials/Plants/MTL_MWAM_PlantsGrass.uexp" 2176
"C:/Users/Lu1sR/Documents/UnrealProjects/Death-Of-Will/TheDeathOfWill/Content/MWLandscapeAutoMaterial/Meshes/Plants/SM_MWAM_GrassD.ubulk" 2177
"C:/Users/Lu1sR/Documents/UnrealProjects/Death-Of-Will/TheDeathOfWill/Content/MWLandscapeAutoMaterial/Meshes/Plants/SM_MWAM_GrassD.uasset" 2178
"C:/Users/Lu1sR/Documents/UnrealProjects/Death-Of-Will/TheDeathOfWill/Content/MWLandscapeAutoMaterial/Meshes/Plants/SM_MWAM_GrassD.uexp" 2179
"C:/Users/Lu1sR/Documents/UnrealProjects/Death-Of-Will/TheDeathOfWill/Content/MWLandscapeAutoMaterial/Meshes/Plants/SM_MWAM_GrassB.ubulk" 2180
"C:/Users/Lu1sR/Documents/UnrealProjects/Death-Of-Will/TheDeathOfWill/Content/MWLandscapeAutoMaterial/Meshes/Plants/SM_MWAM_GrassB.uasset" 2181
"C:/Users/Lu1sR/Documents/UnrealProjects/Death-Of-Will/TheDeathOfWill/Content/MWLandscapeAutoMaterial/Meshes/Plants/SM_MWAM_GrassB.uexp" 2182
"C:/Users/Lu1sR/Documents/UnrealProjects/Death-Of-Will/TheDeathOfWill/Content/MWLandscapeAutoMaterial/Meshes/Plants/SM_MWAM_GrassC.ubulk" 2183
"C:/Users/Lu1sR/Documents/UnrealProjects/Death-Of-Will/TheDeathOfWill/Content/MWLandscapeAutoMaterial/Meshes/Plants/SM_MWAM_GrassC.uasset" 2184
"C:/Users/Lu1sR/Documents/UnrealProjects/Death-Of-Will/TheDeathOfWill/Content/MWLandscapeAutoMaterial/Meshes/Plants/SM_MWAM_GrassC.uexp" 2185
"C:/Users/Lu1sR/Documents/UnrealProjects/Death-Of-Will/TheDeathOfWill/Content/MWLandscapeAutoMaterial/Meshes/Plants/SM_MWAM_GrassA.ubulk" 2186
"C:/Users/Lu1sR/Documents/UnrealProjects/Death-Of-Will/TheDeathOfWill/Content/MWLandscapeAutoMaterial/Meshes/Plants/SM_MWAM_GrassA.uasset" 2187
"C:/Users/Lu1sR/Documents/UnrealProjects/Death-Of-Will/TheDeathOfWill/Content/MWLandscapeAutoMaterial/Meshes/Plants/SM_MWAM_GrassA.uexp" 2188
"C:/Users/Lu1sR/Documents/UnrealProjects/Death-Of-Will/TheDeathOfWill/Content/MWLandscapeAutoMaterial/Procedurals/LGT_MWAM_Grass.uasset" 2189
"C:/Users/Lu1sR/Documents/UnrealProjects/Death-Of-Will/TheDeathOfWill/Content/MWLandscapeAutoMaterial/Procedurals/LGT_MWAM_Grass.uexp" 2190
"C:/Users/Lu1sR/Documents/UnrealProjects/Death-Of-Will/TheDeathOfWill/Content/MWLandscapeAutoMaterial/Materials/MASTER/MTL_MWAM_AutoMaterial_MASTER.uasset" 2191
"C:/Users/Lu1sR/Documents/UnrealProjects/Death-Of-Will/TheDeathOfWill/Content/MWLandscapeAutoMaterial/Materials/MASTER/MTL_MWAM_AutoMaterial_MASTER.uexp" 2192
"C:/Users/Lu1sR/Documents/UnrealProjects/Death-Of-Will/TheDeathOfWill/Content/MWLandscapeAutoMaterial/Materials/Landscape/MTL_MWAM_Landscape_IslandExample.uasset" 2193
"C:/Users/Lu1sR/Documents/UnrealProjects/Death-Of-Will/TheDeathOfWill/Content/MWLandscapeAutoMaterial/Materials/Landscape/MTL_MWAM_Landscape_IslandExample.uexp" 2194
"C:/Users/Lu1sR/Documents/UnrealProjects/Death-Of-Will/TheDeathOfWill/Content/Materials/Water/MI_PoolRoomsWater1.uasset" 2195
"C:/Users/Lu1sR/Documents/UnrealProjects/Death-Of-Will/TheDeathOfWill/Content/Materials/Water/MI_PoolRoomsWater1.uexp" 2196
"C:/Users/Lu1sR/Documents/UnrealProjects/Death-Of-Will/TheDeathOfWill/Content/Materials/CeilingLight/M_CeilingLight1.uasset" 2197
"C:/Users/Lu1sR/Documents/UnrealProjects/Death-Of-Will/TheDeathOfWill/Content/Materials/CeilingLight/M_CeilingLight1.uexp" 2198
"C:/Users/Lu1sR/Documents/UnrealProjects/Death-Of-Will/TheDeathOfWill/Content/Materials/Sprites/Death_img.uasset" 2199
"C:/Users/Lu1sR/Documents/UnrealProjects/Death-Of-Will/TheDeathOfWill/Content/Materials/Sprites/Death_img.uexp" 2200
"C:/Users/Lu1sR/Documents/UnrealProjects/Death-Of-Will/TheDeathOfWill/Content/Blueprints/Menus/UI_DeathMenu.uasset" 2201
"C:/Users/Lu1sR/Documents/UnrealProjects/Death-Of-Will/TheDeathOfWill/Content/Blueprints/Menus/UI_DeathMenu.uexp" 2202
"C:/Users/Lu1sR/Documents/UnrealProjects/Death-Of-Will/TheDeathOfWill/Content/Blueprints/Menus/BP_DeathMenuCharacter.uasset" 2203
"C:/Users/Lu1sR/Documents/UnrealProjects/Death-Of-Will/TheDeathOfWill/Content/Blueprints/Menus/BP_DeathMenuCharacter.uexp" 2204
"C:/Users/Lu1sR/Documents/UnrealProjects/Death-Of-Will/TheDeathOfWill/Content/Blueprints/Menus/BP_DeathMenuMode.uasset" 2205
"C:/Users/Lu1sR/Documents/UnrealProjects/Death-Of-Will/TheDeathOfWill/Content/Blueprints/Menus/BP_DeathMenuMode.uexp" 2206
"C:/Users/Lu1sR/Documents/UnrealProjects/Death-Of-Will/TheDeathOfWill/Content/Scenes/LiminalDeathMenu.uexp" 2207
"C:/Users/Lu1sR/Documents/UnrealProjects/Death-Of-Will/TheDeathOfWill/Content/Scenes/LiminalDeathMenu.ubulk" 2208
"C:/Users/Lu1sR/Documents/UnrealProjects/Death-Of-Will/TheDeathOfWill/Content/Scenes/LiminalDeathMenu.umap" 2209
"C:/Users/Lu1sR/Documents/UnrealProjects/Death-Of-Will/TheDeathOfWill/Content/Materials/Sprites/DOW_Logo.uasset" 2210
"C:/Users/Lu1sR/Documents/UnrealProjects/Death-Of-Will/TheDeathOfWill/Content/Materials/Sprites/DOW_Logo.uexp" 2211
"C:/Users/Lu1sR/Documents/UnrealProjects/Death-Of-Will/TheDeathOfWill/Content/Blueprints/Menus/UI_MainMenu.uasset" 2212
"C:/Users/Lu1sR/Documents/UnrealProjects/Death-Of-Will/TheDeathOfWill/Content/Blueprints/Menus/UI_MainMenu.uexp" 2213
"C:/Users/Lu1sR/Documents/UnrealProjects/Death-Of-Will/TheDeathOfWill/Content/Blueprints/Menus/BP_MainMenuCharacter.uasset" 2214
"C:/Users/Lu1sR/Documents/UnrealProjects/Death-Of-Will/TheDeathOfWill/Content/Blueprints/Menus/BP_MainMenuCharacter.uexp" 2215
"C:/Users/Lu1sR/Documents/UnrealProjects/Death-Of-Will/TheDeathOfWill/Content/Blueprints/Menus/BP_MainMenuMode.uasset" 2216
"C:/Users/Lu1sR/Documents/UnrealProjects/Death-Of-Will/TheDeathOfWill/Content/Blueprints/Menus/BP_MainMenuMode.uexp" 2217
"C:/Users/Lu1sR/Documents/UnrealProjects/Death-Of-Will/TheDeathOfWill/Content/Scenes/LiminalMainMenu.uexp" 2218
"C:/Users/Lu1sR/Documents/UnrealProjects/Death-Of-Will/TheDeathOfWill/Content/Scenes/LiminalMainMenu.ubulk" 2219
"C:/Users/Lu1sR/Documents/UnrealProjects/Death-Of-Will/TheDeathOfWill/Content/Scenes/LiminalMainMenu.umap" 2220
